0.837890,0.429040,0.721130,0.583850,0.456250,0.781150,0.164700,0.827320,-0.130120,0.869470,-0.461770,0.784970,-0.594350,0.520700,-0.784700,0.265290,-0.840140,0.039280,-0.620410,-0.313510,-0.474120,-0.489050,-0.372980,-0.677960,-0.050540,-0.626910,0.146900,-0.459110,0.370930,-0.391670,0.483190,-0.243130,1.000000
0.000000,0.000000,-1.000000,-1.000000,-1.000000,1.000000,0.000000,0.000000,-1.000000,1.000000,1.000000,1.000000,1.000000,-1.000000,0.000000,0.000000,0.000000,0.000000,-1.000000,-1.000000,-1.000000,1.000000,1.000000,0.437500,1.000000,-1.000000,0.000000,0.000000,-1.000000,-1.000000,-1.000000,1.000000,-1.000000
0.898350,0.351570,0.673330,0.622330,0.438980,0.943530,-0.036430,0.805100,-0.228380,0.753340,-0.251370,0.488160,-0.573770,0.284150,-0.667500,0.105910,-0.473590,-0.061930,-0.810560,-0.060110,-0.331970,-0.475920,-0.128970,-0.536200,0.071580,-0.519250,0.243210,-0.434780,0.365860,-0.300570,0.428050,0.132970,1.000000
1.000000,0.098020,1.000000,0.251010,0.983900,0.330440,0.803650,0.530200,0.749770,0.602970,0.569370,0.719420,0.553110,0.740790,0.294520,0.821930,0.211370,0.797770,0.097090,0.821620,-0.017340,0.798700,-0.151440,0.755960,-0.228390,0.691870,-0.317130,0.609480,-0.402910,0.545220,-0.428150,0.445340,1.000000
1.000000,-0.158990,0.723140,0.276860,0.834430,-0.583880,1.000000,-0.282070,1.000000,-0.498630,0.799620,-0.125270,0.768370,0.146380,1.000000,0.393370,1.000000,0.265900,0.963540,-0.018910,0.925990,-0.913380,1.000000,0.148030,1.000000,-0.115820,1.000000,-0.111290,1.000000,0.533720,1.000000,-0.577580,1.000000
0.598400,0.403320,0.828090,0.805210,0.760010,0.707090,0.840100,-0.109840,0.973110,0.079810,0.958240,-0.857270,0.919620,0.884440,0.954520,-0.052060,0.886730,0.181350,0.984840,-0.695940,0.866700,-0.857550,0.286040,-0.300630,1.000000,0.170760,0.629580,0.426770,0.877570,0.810070,0.819790,0.688220,-1.000000
0.996450,0.064680,1.000000,-0.012360,0.978110,0.024980,0.961120,0.023120,0.992740,0.078080,0.893230,0.103460,0.942120,0.052690,0.888090,0.111200,0.861040,0.086310,0.816330,0.118300,0.836680,0.144420,0.813290,0.134120,0.794760,0.136380,0.791100,0.153790,0.771220,0.159300,0.709410,0.120150,1.000000
1.000000,1.000000,1.000000,-1.000000,1.000000,1.000000,1.000000,1.000000,1.000000,1.000000,1.000000,-1.000000,1.000000,1.000000,1.000000,-1.000000,1.000000,-1.000000,1.000000,1.000000,1.000000,1.000000,1.000000,-1.000000,1.000000,1.000000,1.000000,1.000000,1.000000,1.000000,1.000000,1.000000,-1.000000
0.000000,0.000000,-1.000000,1.000000,1.000000,1.000000,-1.000000,-1.000000,0.000000,0.000000,-1.000000,-1.000000,-1.000000,-0.312500,-1.000000,-1.000000,1.000000,-1.000000,1.000000,-1.000000,0.000000,0.000000,1.000000,-1.000000,-1.000000,-1.000000,0.000000,0.000000,1.000000,-1.000000,0.000000,0.000000,-1.000000
1.000000,-0.081830,1.000000,-0.113260,0.992460,-0.298020,1.000000,-0.330750,0.966620,-0.342810,0.857880,-0.472650,0.919040,-0.481700,0.730840,-0.652240,0.681310,-0.635440,0.824500,-0.783160,0.588290,-0.747850,0.670330,-0.962960,0.487570,-0.856690,0.379410,-0.838930,0.241170,-0.888460,0.292210,-0.896210,1.000000
1.000000,1.000000,0.000000,0.000000,1.000000,-1.000000,1.000000,-1.000000,1.000000,1.000000,1.000000,1.000000,1.000000,-1.000000,1.000000,1.000000,1.000000,1.000000,1.000000,-1.000000,-1.000000,-1.000000,1.000000,-1.000000,1.000000,-1.000000,1.000000,1.000000,0.000000,0.000000,1.000000,-1.000000,-1.000000
0.353460,-0.137680,0.693870,-0.024230,0.681950,-0.035740,0.557170,-0.061190,0.618360,-0.104670,0.620990,-0.065270,0.593610,-0.072890,0.422710,-0.264090,0.582130,0.049920,0.497360,-0.087710,0.462410,-0.089890,0.450080,-0.005640,0.391460,-0.090380,0.355880,-0.103060,0.322320,-0.086370,0.289430,-0.083000,1.000000
0.512070,1.000000,1.000000,0.538100,0.711780,0.808330,0.456220,0.464270,0.330810,1.000000,0.212490,1.000000,-0.174160,1.000000,-0.330810,0.987220,-0.613820,1.000000,-0.526740,0.716990,-0.885000,0.478940,-1.000000,0.351750,-1.000000,0.095690,-1.000000,-0.167130,-1.000000,-0.422260,-0.919030,-0.655570,1.000000
1.000000,0.000000,1.000000,0.000000,0.666670,0.111110,1.000000,-0.111110,0.888890,-0.111110,1.000000,-0.222220,0.777780,0.000000,0.777780,0.000000,1.000000,-0.111110,0.777780,-0.111110,0.666670,-0.111110,0.666670,0.000000,0.903470,-0.053520,1.000000,0.111110,0.888890,-0.111110,1.000000,0.000000,1.000000
0.900710,0.017730,1.000000,-0.017730,0.900710,0.007090,0.847520,0.056740,1.000000,0.035460,0.978720,0.010640,0.975180,0.035460,1.000000,-0.031910,0.897160,-0.031910,0.861700,0.078010,1.000000,0.092200,0.900710,0.046100,0.943050,0.032470,0.946810,0.024820,1.000000,0.010640,0.936170,0.021280,1.000000
0.875780,0.037270,0.899510,0.003430,0.892100,0.005100,0.863350,0.000000,0.950310,0.074530,0.870210,0.009940,0.863030,0.011510,0.838510,-0.062110,0.857140,0.024840,0.841820,0.016030,0.834860,0.017490,0.795030,-0.043480,0.821110,0.020330,0.819880,0.086960,0.807570,0.023080,0.800880,0.024410,1.000000
0.368760,-1.000000,-1.000000,-1.000000,-0.076610,1.000000,1.000000,0.950410,0.745970,-0.387100,-1.000000,-0.793130,-0.096770,1.000000,0.486840,0.465020,0.317550,-0.274610,-0.143430,-0.201880,-0.119760,0.068950,0.030210,0.066390,0.034430,-0.011860,-0.004030,-0.016720,-0.007610,0.001080,0.000150,0.003250,-1.000000
-0.642860,-1.000000,1.000000,0.828570,1.000000,-1.000000,1.000000,-0.233930,1.000000,0.961610,1.000000,-0.376790,1.000000,-1.000000,1.000000,0.138390,1.000000,-1.000000,1.000000,-0.033930,-0.842860,1.000000,0.537500,0.857140,1.000000,1.000000,1.000000,-1.000000,1.000000,-1.000000,1.000000,-1.000000,-1.000000
1.000000,0.113850,0.700190,-0.121440,0.815940,0.096770,0.711570,0.011390,0.561670,-0.077800,0.690700,0.125240,0.586340,0.039850,0.531310,-0.034160,0.694500,0.168880,0.726760,0.072110,0.320680,0.058820,0.533210,0.373810,0.490900,0.179510,0.151800,0.324480,0.441410,0.188970,0.561670,0.151800,1.000000
0.922770,0.078040,0.926790,0.162510,0.897020,0.246180,0.841110,0.351970,0.788010,0.421960,0.707160,0.469830,0.707960,0.564760,0.604590,0.642000,0.512470,0.649240,0.399030,0.669750,0.342320,0.683430,0.236930,0.761460,0.187650,0.738850,0.096940,0.710380,0.027350,0.770720,-0.040230,0.695090,1.000000
0.911760,-0.088240,0.970590,0.176470,0.823530,0.088240,0.911760,-0.029410,0.970590,-0.176470,0.970590,0.147060,0.941180,0.029410,1.000000,0.000000,1.000000,0.000000,0.764710,0.117650,0.882350,0.029410,0.852940,0.029410,0.926630,0.026000,0.941180,-0.117650,0.970590,0.058820,0.911760,0.058820,1.000000
0.943330,0.385740,0.482630,0.645340,0.215720,0.775140,-0.559410,0.648990,-0.736750,0.420480,-0.760510,0.000000,-0.627060,-0.310790,-0.383910,-0.621570,-0.127970,-0.692870,0.499090,-0.636200,0.714810,-0.376600,0.738570,-0.054840,0.600980,0.303840,0.455210,0.605120,0.027420,0.544790,-0.215720,0.504570,1.000000
1.000000,0.073800,1.000000,0.034200,1.000000,-0.055630,1.000000,0.087640,1.000000,0.196510,1.000000,0.203280,1.000000,0.127850,1.000000,0.105610,1.000000,0.270870,1.000000,0.447580,1.000000,0.417500,1.000000,0.200330,1.000000,0.367430,0.956030,0.486410,1.000000,0.324920,1.000000,0.467120,1.000000
0.666670,-0.013660,0.974040,0.068310,0.495900,0.501370,0.756830,-0.002730,0.651640,-0.140710,0.401640,-0.489070,0.392080,0.587430,0.767760,0.318310,0.785520,0.113390,0.475410,-0.449450,1.000000,0.006830,0.606560,0.069670,0.686560,0.170880,0.875680,0.077870,0.553280,0.245900,0.139340,0.480870,1.000000
1.000000,0.161950,1.000000,-0.055580,1.000000,0.013730,1.000000,-0.123520,1.000000,-0.015110,1.000000,-0.017310,1.000000,-0.063740,1.000000,-0.071570,1.000000,0.059000,1.000000,-0.101080,1.000000,-0.026850,1.000000,-0.229780,1.000000,-0.068230,1.000000,0.082990,1.000000,-0.141940,1.000000,-0.074390,1.000000
0.940520,-0.015310,0.941700,0.010010,0.949940,-0.014720,0.958780,-0.010600,0.946410,-0.037100,0.971730,-0.017670,0.970550,-0.038870,0.954650,-0.040640,0.952300,-0.047110,0.942290,-0.021790,0.928150,-0.044170,0.920490,-0.044760,0.926950,-0.058270,0.903420,-0.074790,0.919910,-0.072440,0.920490,-0.074200,1.000000
0.509320,-0.939960,1.000000,0.267080,-0.035200,-1.000000,1.000000,-1.000000,0.436850,-1.000000,0.000000,0.000000,-1.000000,-0.342650,-0.376810,0.036230,1.000000,-1.000000,0.000000,0.000000,0.000000,0.000000,-0.162530,0.922360,0.397520,0.265010,0.000000,0.000000,1.000000,0.231880,0.000000,0.000000,-1.000000
0.955590,-0.001550,0.864210,-0.132440,0.949820,-0.004610,0.828090,-0.511710,0.924410,0.103680,1.000000,-0.142470,0.992640,-0.025420,0.958530,-0.155180,0.840130,0.617390,1.000000,-0.163210,0.874920,-0.084950,0.857410,-0.016640,0.841320,-0.017690,0.824270,-0.018670,0.806340,-0.019570,0.787610,-0.020390,1.000000
0.727270,-0.050000,0.892410,0.034620,1.000000,0.727270,0.663640,-0.059090,0.481820,-0.168180,0.818090,0.095590,0.568180,1.000000,0.504550,0.218180,0.668180,0.100000,1.000000,-0.300000,0.986360,-1.000000,0.572730,0.327270,0.569820,0.146730,0.422730,0.081820,0.489270,0.146430,1.000000,1.000000,-1.000000
1.000000,1.000000,1.000000,-1.000000,1.000000,-1.000000,1.000000,1.000000,1.000000,1.000000,1.000000,1.000000,1.000000,-1.000000,1.000000,1.000000,1.000000,1.000000,1.000000,1.000000,1.000000,1.000000,1.000000,1.000000,1.000000,0.500000,0.000000,0.000000,1.000000,-1.000000,1.000000,-1.000000,-1.000000
1.000000,-1.000000,1.000000,-1.000000,1.000000,-1.000000,1.000000,-1.000000,1.000000,1.000000,1.000000,1.000000,1.000000,-1.000000,1.000000,1.000000,1.000000,1.000000,1.000000,1.000000,1.000000,-1.000000,1.000000,-1.000000,1.000000,-1.000000,1.000000,0.656250,0.000000,0.000000,1.000000,-1.000000,-1.000000
0.881160,0.274750,0.721250,0.428810,0.615590,0.636620,0.388250,0.905020,0.098310,0.961280,-0.200970,0.892000,-0.357370,0.775000,-0.651140,0.622100,-0.787680,0.455350,-0.818560,0.190950,-0.839430,-0.080790,-0.783340,-0.263560,-0.675570,-0.455110,-0.547320,-0.608580,-0.305120,-0.667000,-0.193120,-0.755970,1.000000
-0.656250,0.156250,0.062500,0.000000,0.000000,0.062500,0.625000,0.062500,0.187500,0.000000,-0.031250,0.093750,0.062500,0.000000,0.156250,-0.156250,0.437500,-0.375000,0.000000,-0.093750,0.000000,0.000000,0.031250,-0.468750,0.031250,0.000000,-0.718750,0.031250,-0.031250,0.000000,0.000000,0.093750,-1.000000
0.798300,0.094170,0.781290,0.206560,0.716280,0.280680,0.693200,0.412520,0.659170,0.501220,0.578980,0.608140,0.492100,0.584450,0.333540,0.678610,0.295870,0.635480,0.095990,0.681040,0.020660,0.722360,-0.087480,0.631830,-0.119250,0.606960,-0.182260,0.560150,-0.255160,0.517010,-0.273390,0.424670,1.000000
-0.679350,-1.000000,-1.000000,1.000000,1.000000,0.633170,0.035150,-1.000000,-1.000000,-1.000000,1.000000,1.000000,0.886830,-1.000000,-1.000000,1.000000,0.838400,1.000000,1.000000,-1.000000,-1.000000,-1.000000,-0.188560,1.000000,1.000000,-1.000000,-1.000000,-1.000000,-1.000000,1.000000,1.000000,0.336110,-1.000000
0.016670,-0.356250,0.000000,0.000000,0.000000,0.000000,0.000000,0.000000,0.000000,0.000000,0.000000,0.000000,0.122920,-0.550000,0.228130,0.828130,1.000000,-0.422920,0.000000,0.000000,0.083330,-1.000000,-0.106250,-0.166670,1.000000,-0.766670,-1.000000,0.188540,0.000000,0.000000,1.000000,-0.272920,-1.000000
0.881030,-0.008570,0.898180,-0.024650,0.941050,-0.018220,0.891750,-0.127550,0.822080,-0.109320,0.888530,0.011790,0.907820,-0.137190,0.871380,-0.061090,0.907820,-0.023580,0.879960,-0.145770,0.828510,-0.124330,0.901390,-0.195070,0.882450,-0.149030,0.843520,-0.128620,0.884240,-0.185420,0.917470,-0.168270,1.000000
1.000000,-0.061820,1.000000,0.029420,1.000000,-0.051310,1.000000,-0.017070,1.000000,-0.117260,0.844930,-0.052020,0.933920,-0.065980,0.691700,-0.073790,0.657310,-0.203670,0.949100,-0.315580,0.808520,-0.316540,0.849320,-0.348380,0.725290,-0.291740,0.730940,-0.385760,0.543560,-0.262840,0.642070,-0.394870,1.000000
1.000000,1.000000,1.000000,-1.000000,1.000000,1.000000,-1.000000,1.000000,0.000000,0.000000,1.000000,1.000000,0.000000,0.000000,0.000000,0.000000,-1.000000,1.000000,-1.000000,1.000000,1.000000,1.000000,1.000000,-1.000000,1.000000,1.000000,1.000000,1.000000,1.000000,-1.000000,-1.000000,1.000000,-1.000000
1.000000,1.000000,1.000000,-1.000000,1.000000,1.000000,1.000000,1.000000,1.000000,1.000000,1.000000,1.000000,1.000000,1.000000,1.000000,-1.000000,-1.000000,1.000000,-1.000000,1.000000,-1.000000,1.000000,1.000000,-1.000000,1.000000,1.000000,-1.000000,1.000000,-1.000000,-1.000000,-1.000000,1.000000,-1.000000
0.054600,0.014370,-0.025860,0.045980,0.014370,0.045980,-0.077590,0.008620,0.017240,-0.066090,-0.037360,0.043100,-0.083330,-0.045980,-0.094830,0.080460,-0.040230,0.051720,0.020110,0.022990,-0.037360,-0.011490,0.031610,-0.008620,0.008620,0.017240,0.025860,0.011490,0.025860,0.011490,-0.045980,-0.005750,-1.000000
0.945980,-0.026850,-1.000000,0.261310,-0.363930,0.356390,0.692580,-0.634270,1.000000,-0.033530,-0.290200,-0.005500,-0.548520,0.154520,0.919210,-0.462700,1.000000,-0.504240,-0.297350,-0.314540,-0.738640,0.373610,0.838720,-0.467340,0.522080,-0.581300,1.000000,-0.613930,-0.096340,0.204770,-0.061170,0.419130,-1.000000
0.895050,-0.031680,0.875250,0.055450,0.895050,0.013860,0.928710,0.027720,0.912870,-0.009900,0.940590,-0.015840,0.918810,0.033660,0.936630,0.000000,0.942570,0.013860,0.904950,0.007920,0.887130,-0.017820,0.893070,0.023760,0.890020,0.016110,0.881190,0.001980,0.873270,0.041580,0.867330,0.023760,1.000000
0.708700,-0.247830,0.643480,0.043480,0.452170,0.382610,0.652170,0.182610,0.500000,0.269570,0.578260,-0.230430,0.504350,0.378260,0.386960,-0.426090,0.360870,-0.260870,0.269570,0.117390,0.532460,-0.038450,0.313040,-0.121740,0.499300,-0.042640,0.483480,-0.044480,0.643480,-0.252170,0.504350,0.147830,1.000000
0.888530,0.016310,0.920070,0.013050,0.924420,0.013590,0.891790,-0.102230,0.901030,-0.084280,0.930400,-0.010330,0.930940,-0.089180,0.860250,-0.050570,0.894510,-0.040240,0.884180,-0.121260,0.889070,-0.119090,0.829800,-0.141380,0.864530,-0.118080,0.855360,-0.130510,0.835240,-0.124520,0.867860,-0.122350,1.000000
0.333330,-0.250000,0.444440,0.222220,0.388890,0.166670,0.416670,0.138890,0.500000,-0.111110,0.549110,-0.084430,0.583330,0.333330,0.555560,0.027780,0.250000,-0.194440,0.472220,-0.055560,0.527780,-0.027780,0.388890,0.083330,0.415430,-0.142560,0.194440,-0.138890,0.369240,-0.148090,0.083330,-0.500000,1.000000
1.000000,1.000000,1.000000,-1.000000,0.000000,0.000000,0.000000,0.000000,1.000000,1.000000,1.000000,-1.000000,1.000000,1.000000,1.000000,-1.000000,0.000000,0.000000,0.000000,0.000000,1.000000,-0.277780,0.000000,0.000000,1.000000,-1.000000,1.000000,1.000000,1.000000,-1.000000,0.000000,0.000000,-1.000000
0.598870,0.146890,0.698680,-0.139360,0.851220,-0.139360,0.809790,0.024480,0.504710,0.028250,0.674200,-0.045200,0.807910,-0.137480,0.514120,-0.244820,0.815440,-0.143130,0.702450,-0.003770,0.333330,0.062150,0.561210,-0.331450,0.614440,-0.168370,0.527310,-0.020720,0.538610,-0.312620,0.674200,-0.220340,1.000000
0.638160,1.000000,0.208330,-1.000000,1.000000,1.000000,0.877190,0.309210,-0.668860,1.000000,-0.059210,0.587720,0.017540,0.050440,-0.515350,-1.000000,0.142540,-0.032890,0.326750,-0.438600,-1.000000,1.000000,0.809210,-1.000000,1.000000,-0.061400,1.000000,1.000000,0.206140,-1.000000,1.000000,1.000000,-1.000000
0.000000,0.000000,0.000000,0.000000,0.000000,0.000000,0.000000,0.000000,0.000000,0.000000,0.000000,0.000000,0.000000,0.000000,0.000000,0.000000,0.000000,0.000000,0.000000,0.000000,0.000000,0.000000,0.000000,0.000000,1.000000,-1.000000,0.000000,0.000000,0.000000,0.000000,0.000000,0.000000,-1.000000
0.924360,0.369240,0.719760,0.684200,0.293030,0.940780,-0.111080,0.765270,-0.316050,0.924530,-0.666160,0.787660,-0.921450,0.423140,-0.943150,0.095850,-1.000000,0.031910,-0.664310,-0.662780,-0.460100,-0.781740,-0.134860,-0.880820,0.197650,-0.851370,0.489040,-0.702470,0.698860,-0.460480,0.760660,-0.131940,1.000000
0.584590,-0.355260,1.000000,0.353380,0.753760,-0.005640,0.825190,0.193610,0.501880,-0.276320,0.659770,0.063910,0.697370,0.146620,0.723680,-0.426690,0.761280,0.045110,0.669170,0.204890,0.847740,-0.409770,0.648500,-0.046990,0.568360,-0.105710,0.528200,-0.133460,0.156020,-0.122180,0.447670,-0.103090,1.000000
-0.205000,0.287500,0.230000,0.100000,0.282500,0.317500,0.322500,0.350000,0.362850,-0.346170,0.092500,0.275000,-0.095000,0.210000,-0.087500,0.235000,-0.341870,0.314080,-0.480000,-0.080000,0.299080,0.331760,-0.580000,-0.240000,0.321900,-0.284750,-0.470000,0.185000,-0.271040,-0.312280,0.404450,0.030500,-1.000000
1.000000,0.097710,1.000000,0.121970,1.000000,0.225740,0.986020,0.092370,0.949300,0.192110,0.929920,0.242880,0.892410,0.283430,0.855290,0.267210,0.836560,0.331290,0.833930,0.316980,0.748290,0.395970,0.761930,0.346580,0.684520,0.427460,0.627640,0.460310,0.567910,0.470330,0.542520,0.509030,1.000000
0.083330,-0.206850,-1.000000,1.000000,-1.000000,1.000000,0.718750,0.471730,-0.821430,-0.627230,-1.000000,-1.000000,-1.000000,1.000000,-0.027530,0.591520,-0.421130,-0.421130,-0.746280,-1.000000,-1.000000,-0.468010,-1.000000,0.238100,1.000000,-1.000000,-1.000000,-0.389140,-1.000000,-1.000000,-1.000000,0.614580,-1.000000
0.058660,-0.008380,0.067040,0.008380,0.000000,-0.011170,0.005590,-0.039110,0.016760,-0.075420,-0.005590,0.053070,0.064250,-0.033520,0.000000,0.094970,-0.064250,0.075420,-0.047490,0.025140,0.027930,-0.005590,0.008380,0.005590,0.103350,-0.008380,0.030730,-0.002790,0.044690,0.000000,0.047490,-0.033520,-1.000000
1.000000,1.000000,-1.000000,1.000000,-1.000000,-0.824560,0.346490,0.210530,0.460530,0.070180,0.228070,0.057020,0.350880,0.346490,0.728070,-0.039470,0.228070,0.530700,0.000000,0.000000,-0.298250,-0.162280,1.000000,-0.666670,1.000000,-1.000000,1.000000,-0.245610,0.350880,0.201750,0.828950,0.078950,-1.000000
1.000000,0.000000,1.000000,0.000000,0.500000,0.500000,0.750000,0.000000,0.912010,0.120940,0.890670,0.142100,0.869220,0.162280,0.750000,0.250000,0.750000,0.500000,0.750000,0.000000,1.000000,-0.250000,0.500000,0.500000,0.739440,0.263880,0.750000,0.250000,0.696350,0.290740,0.674930,0.302930,1.000000
1.000000,0.090910,0.954550,-0.090910,0.772730,0.000000,1.000000,0.000000,0.954550,0.000000,1.000000,0.045450,0.909090,-0.045450,1.000000,0.000000,1.000000,0.000000,0.863640,0.090910,0.772730,0.090910,0.909090,0.045450,0.915410,0.028970,0.954550,0.090910,0.863640,-0.090910,0.863640,0.045450,1.000000
0.826240,0.081560,0.790780,-0.081560,0.904260,-0.017730,0.929080,0.010640,0.801420,0.088650,0.946810,-0.007090,0.943260,0.000000,0.932620,0.202130,0.950350,-0.007090,0.914890,0.007090,0.804960,0.070920,0.911350,0.159570,0.895270,0.081650,0.776600,0.067380,0.925530,0.180850,0.925530,0.000000,1.000000
0.791570,0.168510,0.000000,0.000000,0.565410,0.068740,0.394680,1.000000,0.383590,0.995570,-0.024390,0.532150,0.237250,0.128600,-0.026610,0.951220,-0.509980,0.849220,-0.102000,0.388030,-0.425720,0.237250,-0.915740,0.807100,-0.341460,0.882480,-1.000000,0.694010,-1.000000,0.128600,0.000000,0.000000,-1.000000
0.498700,0.018180,0.431170,-0.096100,0.506490,-0.041560,0.501300,0.096100,0.446750,0.059740,0.558440,-0.119480,0.516880,-0.036360,0.527270,-0.059740,0.553250,-0.010390,0.485710,-0.033770,0.490910,-0.010390,0.592210,0.000000,0.532150,-0.032800,0.431170,0.033770,0.545450,-0.054550,0.589610,-0.085710,1.000000
0.000000,0.000000,1.000000,1.000000,0.000000,0.000000,1.000000,1.000000,0.000000,0.000000,1.000000,-1.000000,0.000000,0.000000,0.000000,0.000000,0.000000,0.000000,0.000000,0.000000,0.000000,0.000000,0.000000,0.000000,1.000000,-1.000000,0.000000,0.000000,-1.000000,1.000000,0.000000,0.000000,-1.000000
0.000000,0.000000,0.000000,0.000000,0.000000,0.000000,0.000000,0.000000,1.000000,-0.333330,0.166670,0.260420,0.000000,0.000000,0.000000,0.000000,0.000000,0.000000,-0.197920,-0.218750,-0.166670,0.906250,-1.000000,0.500000,0.041670,0.750000,-0.229170,-1.000000,-0.125000,-0.270830,-0.197920,-0.937500,-1.000000
0.877720,-0.081520,0.834240,0.073370,0.847830,0.040760,0.771740,-0.021740,0.771740,-0.057070,0.823370,-0.105980,0.679350,-0.005430,0.880430,-0.209240,0.834240,0.032610,0.864130,-0.059780,0.972830,-0.279890,0.850540,-0.187500,0.837050,-0.102110,0.858700,-0.032610,0.785330,-0.108700,0.790760,-0.005430,1.000000
1.000000,-0.414570,1.000000,0.761310,0.870600,0.185930,1.000000,-0.099250,0.938440,0.479900,0.654520,-0.160800,1.000000,0.008790,0.976130,-0.501260,0.800250,-0.244970,0.880650,-0.190950,1.000000,-0.123120,0.935930,0.106780,0.928900,-0.072490,1.000000,-0.273870,0.439700,0.198490,0.513820,-0.054020,1.000000
0.980020,0.000750,1.000000,0.000000,0.989820,-0.000750,0.947210,0.023940,0.977000,0.021300,0.978880,0.030730,0.991700,0.023380,0.939290,0.057130,0.935520,0.052790,0.977380,0.055240,1.000000,0.062410,0.941550,0.081070,0.967090,0.072550,0.957010,0.080880,0.981900,0.081260,0.972470,0.086160,1.000000
0.000000,0.000000,0.000000,0.000000,0.000000,0.000000,0.000000,0.000000,0.000000,0.000000,-1.000000,-1.000000,0.000000,0.000000,1.000000,0.750000,0.000000,0.000000,0.000000,0.000000,-1.000000,1.000000,0.000000,0.000000,1.000000,-1.000000,-1.000000,-1.000000,1.000000,1.000000,0.000000,0.000000,-1.000000
0.687290,1.000000,0.919730,-0.760870,0.817730,0.043480,0.760870,0.107020,0.867890,0.737460,0.700670,0.182270,0.759200,0.137120,0.934780,-0.250840,0.707360,0.187290,0.648830,0.245820,0.602010,0.774250,1.000000,-0.538460,0.892620,0.222160,0.710700,0.538460,1.000000,-0.065220,0.565220,0.239130,-1.000000
0.956590,0.081430,0.974870,-0.056670,0.971650,-0.084840,0.960970,-0.065610,0.947170,0.012790,0.954360,-0.167950,0.946120,-0.194970,0.996300,-0.322680,0.903430,-0.359020,0.914280,-0.273160,0.901400,-0.298070,0.998990,-0.407470,0.872440,-0.345860,0.920590,-0.306190,0.839510,-0.390610,0.821660,-0.411730,1.000000
0.649470,-0.078960,0.582640,-0.143800,-0.131290,-0.213840,0.297960,0.044030,0.380960,-0.263390,0.289310,-0.319970,0.034590,-0.189470,0.202690,-0.294410,0.151960,-0.290520,0.095130,-0.315250,0.065560,-0.267950,0.030040,-0.251240,-0.000460,-0.232100,-0.026120,-0.211290,-0.047170,-0.189500,0.013360,-0.272010,1.000000
1.000000,-0.037300,1.000000,-0.073830,0.996010,-0.110390,0.998380,-0.099310,0.989410,-0.138140,0.966740,-0.216950,0.952880,-0.250990,0.912360,-0.344000,0.905810,-0.321520,0.899910,-0.346910,0.878740,-0.376430,0.862130,-0.429900,0.831720,-0.431220,0.814330,-0.425930,0.779190,-0.479770,0.751150,-0.501520,1.000000
0.946490,0.008920,0.972870,-0.002600,0.989220,0.003720,0.958010,0.015980,0.940540,0.035300,0.972130,0.047190,0.986250,0.018580,0.942770,0.071350,0.985510,-0.007060,0.977700,0.049800,0.963580,0.070980,0.932740,0.081010,0.952430,0.043560,0.974730,0.008180,0.978450,0.070610,1.000000,-0.002600,1.000000
0.888040,0.381380,0.659260,0.694310,0.291480,0.878920,-0.067260,0.901350,-0.395970,0.804410,-0.645740,0.565020,-0.829600,0.269060,-0.789400,-0.082050,-0.627800,-0.309420,-0.466370,-0.556050,-0.164490,-0.643380,0.095620,-0.610550,0.304060,-0.483920,0.432270,-0.298380,0.470290,-0.094610,0.421520,0.125560,1.000000
0.454550,0.090910,0.636360,0.090910,0.272730,0.181820,0.636360,0.000000,0.363640,-0.090910,0.454550,-0.090910,0.486120,-0.013430,0.636360,-0.181820,0.454550,0.000000,0.363640,-0.090910,0.272730,0.181820,0.363640,-0.090910,0.344420,-0.017680,0.272730,0.000000,0.363640,0.000000,0.289850,-0.018320,1.000000
1.000000,0.117650,1.000000,0.235290,1.000000,0.411760,1.000000,0.058820,1.000000,0.235290,1.000000,0.117650,1.000000,0.470590,1.000000,-0.058820,1.000000,-0.117650,1.000000,0.352940,1.000000,0.411760,1.000000,-0.117650,1.000000,0.202250,1.000000,0.058820,1.000000,0.352940,1.000000,0.235290,1.000000
0.467850,0.113080,0.589800,0.006650,0.554320,0.068740,0.478940,-0.139690,0.529930,0.013300,0.638580,-0.161860,0.678490,-0.033260,0.545450,-0.135250,0.529930,-0.046560,0.478940,-0.195120,0.507760,-0.135250,0.414630,-0.201770,0.539300,-0.114550,0.598670,-0.028820,0.536590,-0.117520,0.563190,-0.044350,1.000000
1.000000,-1.000000,1.000000,1.000000,1.000000,1.000000,1.000000,-0.500000,1.000000,1.000000,1.000000,1.000000,1.000000,1.000000,0.000000,0.000000,1.000000,1.000000,1.000000,1.000000,1.000000,-1.000000,1.000000,1.000000,1.000000,0.625000,1.000000,-0.750000,-0.750000,1.000000,1.000000,1.000000,-1.000000
0.715210,-0.006470,0.666670,-0.042070,0.631070,-0.051780,0.779940,0.080910,0.673140,0.097090,0.647250,0.158580,0.601940,-0.019420,0.543690,-0.045310,0.469260,-0.100320,0.647250,0.148870,0.391590,0.216830,0.524270,-0.055020,0.451050,0.000400,0.313920,-0.067960,0.491910,-0.106800,0.304210,-0.051780,1.000000
0.525420,-0.033900,0.949150,0.084750,0.525420,-0.169490,0.305080,-0.016950,0.508470,-0.135590,0.644070,0.288140,0.830510,-0.355930,0.542370,0.016950,0.559320,0.033900,0.593220,0.305080,0.864410,0.050850,0.406780,0.152540,0.672870,-0.002660,0.661020,-0.033900,0.830510,-0.152540,0.762710,-0.101690,1.000000
0.922470,-0.194480,0.964190,-0.176740,0.870240,-0.226020,0.817020,-0.270700,0.792710,-0.289090,0.703020,-0.496390,0.633380,-0.499670,0.372540,-0.707290,0.270700,-0.721090,0.405060,-0.541720,0.335090,-0.596910,0.147500,-0.636010,0.093120,-0.595890,-0.071620,-0.549280,-0.018400,-0.540740,-0.074570,-0.478980,1.000000
0.500000,0.000000,0.386960,0.104350,0.491300,0.065220,0.469570,-0.039130,0.356520,-0.126090,0.456520,0.047830,0.504350,0.026090,0.356520,0.195650,0.421740,0.147830,0.421740,-0.026090,0.321740,-0.113040,0.473910,-0.008700,0.417890,0.069080,0.386960,0.039130,0.352170,0.147830,0.447830,0.173910,1.000000
0.171880,-1.000000,-1.000000,1.000000,0.000000,0.000000,0.000000,0.000000,-1.000000,1.000000,0.000000,0.000000,-0.613540,-0.677080,0.805210,0.361460,0.519790,0.143750,0.000000,0.000000,-1.000000,-0.270830,-0.847920,0.962500,1.000000,1.000000,-1.000000,0.677080,0.000000,0.000000,0.000000,0.000000,-1.000000
0.284090,-0.318180,0.000000,0.000000,0.681820,-1.000000,0.306820,0.958330,0.643940,0.064390,0.348480,-0.848480,0.000000,0.000000,0.590910,-0.359850,0.450760,-0.806820,0.000000,0.000000,0.000000,0.000000,0.242420,0.178030,1.000000,-0.238640,0.060610,-0.484850,0.162880,-0.700760,0.000000,0.000000,-1.000000
-1.000000,1.000000,1.000000,-1.000000,-1.000000,1.000000,0.000000,0.000000,1.000000,1.000000,-1.000000,-0.187500,1.000000,1.000000,-1.000000,-1.000000,1.000000,-1.000000,-1.000000,-1.000000,1.000000,1.000000,1.000000,-1.000000,1.000000,1.000000,1.000000,1.000000,0.000000,0.000000,-1.000000,-1.000000,-1.000000
0.000000,0.000000,0.000000,0.000000,0.000000,0.000000,0.000000,0.000000,0.000000,0.000000,0.000000,0.000000,0.000000,0.000000,0.000000,0.000000,0.000000,0.000000,0.000000,0.000000,0.000000,0.000000,0.000000,0.000000,1.000000,1.000000,0.000000,0.000000,0.000000,0.000000,0.000000,0.000000,-1.000000
1.000000,0.230580,1.000000,-0.785090,1.000000,-0.104010,1.000000,0.154140,1.000000,0.278200,0.981200,-0.068610,1.000000,0.066100,0.958020,-0.189540,0.835840,-0.156330,0.974000,0.037280,0.996240,0.092420,1.000000,-0.012530,0.962380,-0.045970,0.911650,0.038850,1.000000,-0.137220,0.965230,-0.117170,1.000000
0.884200,0.367240,0.671230,0.673820,0.396130,0.863990,0.024240,0.931820,-0.351480,0.837130,-0.603160,0.588420,-0.786580,0.387780,-0.832850,-0.006420,-0.693180,-0.329630,-0.525040,-0.539240,-0.273770,-0.681260,0.008060,-0.697740,0.260280,-0.606780,0.445690,-0.433830,0.542090,-0.215420,0.562860,0.028230,1.000000
0.866890,0.359500,0.720140,0.666670,0.372010,0.830490,0.086460,0.858930,-0.241180,0.861210,-0.517630,0.675770,-0.687140,0.415240,-0.770190,0.098980,-0.693970,-0.136520,-0.494880,-0.422070,-0.325370,-0.576790,-0.028440,-0.599540,0.153600,-0.531270,0.323090,-0.370880,0.461890,-0.196810,0.409560,0.018200,1.000000
1.000000,0.142860,1.000000,0.714290,1.000000,0.714290,1.000000,-0.142860,0.857140,-0.142860,1.000000,0.025340,1.000000,0.000000,0.428570,-0.142860,1.000000,0.036170,1.000000,-0.285710,1.000000,0.000000,0.285710,-0.285710,1.000000,0.048910,1.000000,0.051820,1.000000,0.571430,1.000000,0.000000,1.000000
1.000000,-0.142360,1.000000,-0.162560,1.000000,-0.236560,1.000000,-0.075140,1.000000,-0.250100,1.000000,-0.261610,1.000000,-0.219750,1.000000,-0.386060,1.000000,-0.461620,1.000000,-0.355190,1.000000,-0.596610,1.000000,-0.476430,0.988200,-0.496870,1.000000,-0.758200,1.000000,-0.757610,1.000000,-0.844370,1.000000
0.391790,-0.063430,0.974640,0.043280,1.000000,1.000000,0.358210,0.152990,0.544780,0.130600,0.615670,-0.820900,0.578360,0.679100,0.667910,-0.104480,0.466420,-0.115670,0.655740,0.147920,0.832090,0.455220,0.470150,0.164180,0.493090,0.146300,0.324630,-0.026120,0.391180,0.135210,0.344110,0.127550,-1.000000
1.000000,0.017090,0.962150,-0.031420,1.000000,-0.034360,1.000000,-0.050710,0.990260,-0.070920,0.991730,-0.090020,1.000000,-0.157270,1.000000,-0.142570,0.983100,-0.118130,1.000000,-0.185190,1.000000,-0.192720,0.989710,-0.220830,0.964900,-0.202430,0.945990,-0.171230,0.964360,-0.225610,0.870110,-0.232960,1.000000
1.000000,-0.011790,1.000000,-0.003430,1.000000,-0.015650,1.000000,-0.015650,1.000000,-0.028090,1.000000,-0.021870,0.998280,-0.030870,0.995280,-0.032380,0.993140,-0.034520,1.000000,-0.038810,1.000000,-0.050390,1.000000,-0.049310,0.998420,-0.055270,0.994000,-0.063040,0.990570,-0.064970,0.989710,-0.066680,1.000000
0.658450,0.436170,0.446810,0.748040,0.053190,0.851060,-0.320270,0.821390,-0.682530,0.524080,-0.842110,0.071110,-0.828110,-0.287230,-0.470320,-0.717250,-0.047590,-0.860020,0.232920,-0.763160,0.566630,-0.521280,0.743000,-0.186450,0.747580,0.237130,0.451850,0.590710,0.205490,0.767640,-0.185330,0.743560,1.000000
1.000000,-1.000000,1.000000,1.000000,1.000000,-1.000000,1.000000,1.000000,1.000000,-1.000000,1.000000,1.000000,1.000000,-1.000000,1.000000,-1.000000,1.000000,1.000000,1.000000,1.000000,1.000000,-1.000000,1.000000,-1.000000,1.000000,-1.000000,1.000000,1.000000,1.000000,-1.000000,1.000000,1.000000,-1.000000
0.766270,0.211060,0.639350,0.381120,0.484090,0.525000,0.150000,0.222730,0.137530,0.595650,-0.077270,0.445450,0.000000,0.486360,-0.274910,0.420140,-0.561360,0.368180,-0.365910,0.188640,-0.405330,0.075880,-0.384830,-0.032290,-0.339420,-0.124860,-0.275400,-0.197140,-0.199620,-0.246480,-0.118940,-0.272180,1.000000
1.000000,0.040780,1.000000,0.119820,1.000000,0.161590,1.000000,0.279210,0.987030,0.308890,0.927450,0.376390,0.911180,0.397490,0.819390,0.460590,0.786190,0.469940,0.794000,0.562820,0.703310,0.581290,0.670770,0.597230,0.589030,0.609900,0.539520,0.609320,0.453120,0.636360,0.404420,0.626580,1.000000
1.000000,0.515150,0.454550,0.333330,0.060610,0.363640,-0.321040,0.730620,-0.454550,0.484850,-0.575760,0.000000,-0.575760,-0.121210,-0.333330,-0.484850,-0.090910,-0.848480,0.484850,-0.575760,0.575760,-0.424240,1.000000,-0.393940,0.729610,0.123310,0.969700,0.575760,0.242420,0.363640,0.090910,0.333330,1.000000
0.292020,0.135820,0.453310,0.168080,0.517830,-0.005090,0.526320,0.208830,0.524620,-0.166380,0.473680,-0.047540,0.555180,0.039050,0.816640,-0.224110,0.424450,-0.042440,0.349750,0.066210,0.281830,-0.208830,0.517310,-0.031760,0.503690,-0.033510,0.346350,0.098470,0.707980,-0.018680,0.395590,-0.032260,1.000000
0.969330,0.008760,1.000000,0.008430,0.986580,-0.007630,0.978680,-0.028440,0.998200,-0.035100,1.000000,-0.012710,1.000000,-0.025810,1.000000,-0.011750,0.984850,0.000250,1.000000,-0.026120,1.000000,-0.047440,0.960190,-0.045270,0.991880,-0.034730,0.970200,-0.024780,1.000000,-0.038550,0.984200,-0.041120,1.000000
0.683170,0.053750,0.848030,0.002020,0.843410,0.003010,0.843000,0.099010,0.758130,0.041020,0.818920,0.005850,0.807380,0.006730,0.806220,-0.124470,0.779350,-0.035360,0.763650,0.009090,0.746350,0.009780,0.796320,-0.042430,0.708240,0.010960,0.622350,0.115980,0.666240,0.011900,0.644070,0.012270,1.000000
0.997010,0.216770,0.919660,0.470300,0.769020,0.624150,0.533120,0.781200,0.367740,0.882910,0.101070,0.833120,-0.068270,0.892740,-0.282690,0.720730,-0.437070,0.616880,-0.557690,0.481200,-0.650000,0.355340,-0.646580,0.159080,-0.666510,0.022770,-0.648720,-0.134620,-0.546150,-0.229490,-0.472010,-0.350320,1.000000
1.000000,0.241680,1.000000,0.485900,1.000000,0.729730,1.000000,1.000000,1.000000,1.000000,1.000000,1.000000,1.000000,0.771280,1.000000,1.000000,1.000000,1.000000,0.744680,1.000000,0.896470,1.000000,0.646280,1.000000,0.382550,1.000000,0.108190,1.000000,-0.173700,1.000000,-0.813830,1.000000,1.000000
1.000000,0.233950,0.914040,0.520130,0.780200,0.721440,0.476600,0.842220,0.276390,0.917300,0.094670,0.882480,-0.219800,0.914040,-0.341680,0.755170,-0.513600,0.645270,-0.645270,0.446140,-0.741020,0.291620,-0.708380,0.035910,-0.717310,-0.119430,-0.649620,-0.281830,-0.512510,-0.445050,-0.374320,-0.533190,1.000000
0.346940,0.204080,0.469390,0.244900,0.408160,0.204080,0.469390,0.448980,0.306120,0.591840,0.122450,0.551020,0.000000,0.510200,-0.061220,0.551020,-0.204080,0.551020,-0.285710,0.448980,-0.285710,0.326530,-0.612240,0.224490,-0.465790,0.148950,-0.591840,0.183670,-0.346940,0.000000,-0.265310,-0.244900,1.000000
0.958820,0.101290,1.000000,-0.019180,0.983130,0.025550,0.969740,-0.093160,0.989550,-0.027160,0.979800,-0.030960,1.000000,-0.053430,1.000000,-0.051790,0.938400,0.015570,0.976200,-0.092840,0.978890,-0.053180,0.915670,-0.156750,0.956770,-0.069950,0.909780,0.013070,1.000000,-0.107970,0.931440,-0.068880,1.000000
0.393940,-0.242420,0.626550,0.012700,0.454550,0.090910,0.636360,0.090910,0.212120,-0.212120,0.575760,0.151520,0.393940,0.000000,0.561560,0.045610,0.515150,0.030300,0.787880,0.181820,0.303030,-0.151520,0.485260,0.059290,0.463620,0.061420,0.333330,-0.030300,0.418560,0.064100,0.393940,0.242420,1.000000
1.000000,0.068430,1.000000,0.142110,1.000000,0.221080,1.000000,-0.125000,1.000000,0.394950,1.000000,0.489810,1.000000,0.589860,-0.375000,1.000000,1.000000,0.000000,1.000000,0.920010,1.000000,1.000000,1.000000,1.000000,1.000000,1.000000,1.000000,0.250000,1.000000,1.000000,1.000000,1.000000,1.000000
0.981660,0.008740,0.981030,-0.038180,0.975650,-0.056990,0.959470,-0.069710,0.990040,-0.045070,0.947130,-0.111020,0.933690,-0.127900,0.942170,-0.115830,0.796820,-0.192000,0.882740,-0.173870,0.862570,-0.187390,0.884870,-0.196890,0.818130,-0.211360,0.785460,-0.238640,0.769110,-0.230950,0.743230,-0.239020,1.000000
1.000000,-0.066040,1.000000,0.629370,1.000000,0.095570,1.000000,0.202800,1.000000,-1.000000,1.000000,-0.405590,1.000000,-0.158510,1.000000,0.048950,1.000000,-0.615380,1.000000,-0.265730,1.000000,-1.000000,1.000000,-0.580420,1.000000,-0.813720,1.000000,-1.000000,1.000000,-0.785550,1.000000,-0.482520,1.000000
0.883050,-0.219960,1.000000,0.363730,0.824030,0.192060,0.850860,0.059010,0.905580,-0.042920,0.851930,0.250000,0.778970,0.253220,0.692060,0.579400,0.710300,0.390560,0.731760,0.275750,1.000000,0.348710,0.567600,0.520390,0.698110,0.532350,0.809010,0.585840,0.430260,0.709230,0.523610,0.541850,1.000000
1.000000,-1.000000,1.000000,1.000000,1.000000,-1.000000,1.000000,1.000000,1.000000,-1.000000,1.000000,-1.000000,1.000000,-1.000000,1.000000,1.000000,1.000000,1.000000,1.000000,1.000000,1.000000,-1.000000,1.000000,1.000000,1.000000,1.000000,1.000000,1.000000,1.000000,1.000000,1.000000,-1.000000,-1.000000
0.984550,-0.027360,0.980580,-0.041040,1.000000,-0.076350,0.987200,0.014560,0.952780,-0.026040,0.985000,-0.074580,0.993820,-0.071490,0.973960,-0.095320,0.972640,-0.122240,0.992940,-0.052520,0.952780,-0.089140,0.973520,-0.083410,0.966530,-0.129120,0.934690,-0.149160,0.971320,-0.157550,0.967780,-0.188000,1.000000
0.635100,-0.043880,0.765300,0.029680,0.614320,0.360280,0.653580,-0.004620,0.642030,0.083140,0.794460,-0.434180,0.725170,0.549650,0.595840,0.138570,0.635100,0.219400,0.632790,-0.254040,0.709510,0.153590,0.646650,0.230950,0.687750,0.177040,0.616630,0.076210,0.663160,0.198410,0.690530,0.367210,1.000000
0.000000,0.000000,-1.000000,-0.627660,1.000000,0.510640,0.079790,-0.234040,-1.000000,-0.361700,0.127660,-0.590430,1.000000,-1.000000,0.000000,0.000000,0.829790,-0.079790,-0.250000,1.000000,0.170210,-0.707450,0.000000,0.000000,-0.191490,-0.468090,-0.223400,-0.489360,0.744680,0.904260,-0.675530,0.457450,-1.000000
0.290730,0.100250,0.233080,0.172930,0.037590,0.343360,0.120300,0.263160,0.062660,0.213030,-0.047250,0.127670,-0.063330,0.079070,-0.063280,0.040970,-0.054310,0.014080,-0.041660,-0.002800,-0.028760,-0.011760,-0.017550,-0.015050,-0.008860,-0.014750,-0.002800,-0.012500,0.000960,-0.009480,0.002900,-0.006470,1.000000
0.000000,0.000000,0.000000,0.000000,1.000000,1.000000,-1.000000,-1.000000,0.000000,0.000000,1.000000,-0.111110,0.000000,0.000000,0.000000,0.000000,-1.000000,1.000000,1.000000,1.000000,1.000000,-1.000000,0.000000,0.000000,1.000000,-1.000000,0.000000,0.000000,0.000000,0.000000,1.000000,1.000000,-1.000000
1.000000,0.065380,1.000000,0.207460,1.000000,0.262810,0.930510,0.322130,0.867730,0.390390,0.754740,0.500820,0.795550,0.523210,0.659540,0.607560,0.576190,0.629990,0.478070,0.671350,0.405530,0.688400,0.343840,0.720820,0.277120,0.723860,0.192960,0.706820,0.113720,0.726880,0.069900,0.714440,1.000000
0.444440,0.444440,0.536950,0.907630,-0.222220,1.000000,-0.333330,0.888890,-1.000000,0.333330,-1.000000,-0.111110,-1.000000,-0.222220,-0.666670,-0.777780,0.555560,-1.000000,-0.222220,-0.777780,0.777780,-0.222220,0.333330,0.000000,0.921200,0.450190,0.574540,0.843530,0.222220,1.000000,-0.555560,1.000000,1.000000
0.000000,0.000000,1.000000,0.517240,0.000000,0.000000,0.109910,-1.000000,0.000000,0.000000,0.000000,0.000000,-1.000000,-0.224140,-0.557110,-0.832970,0.769400,0.631470,0.000000,0.000000,0.534480,0.356680,-0.903020,0.448280,1.000000,-1.000000,-1.000000,0.815730,0.000000,0.000000,0.000000,0.000000,-1.000000
0.952020,0.022540,0.937570,-0.012720,0.935260,0.012140,0.967050,-0.017340,0.969360,0.005200,0.956650,-0.030640,0.952600,-0.004050,0.994800,-0.026590,0.997690,0.017920,0.935840,-0.049710,0.938150,-0.023700,0.970520,-0.044510,0.962150,-0.016470,0.973990,0.019080,0.954340,-0.034100,0.958380,0.008090,1.000000
0.473370,0.195270,0.062130,-0.183430,0.623160,0.010060,0.455620,-0.044380,0.565090,0.017750,0.446750,0.275150,0.715980,-0.038460,0.556210,0.124260,0.414200,0.115380,0.527670,0.028420,0.511830,-0.106510,0.479290,-0.023670,0.465140,0.032590,0.535500,0.251480,0.319530,-0.144970,0.346150,-0.002960,1.000000
0.847830,0.105980,1.000000,0.391300,1.000000,-1.000000,0.669380,0.084240,1.000000,0.270380,1.000000,0.605980,1.000000,0.355070,1.000000,0.026720,0.584240,-0.430250,1.000000,0.634960,0.891300,0.265850,0.910330,-0.333330,1.000000,0.159420,0.376810,-0.019470,1.000000,0.224640,1.000000,0.374090,-1.000000
0.194660,0.057250,0.041980,0.251910,-0.105570,0.488660,-0.183210,-0.183210,-0.419850,0.061070,-0.454200,0.091600,-0.164120,-0.305340,-0.103050,-0.396950,0.187020,-0.175570,0.340120,-0.119530,0.286260,-0.160310,0.216450,0.246920,0.039130,0.310920,-0.038170,0.263360,-0.167940,0.167940,-0.301530,-0.335880,1.000000
0.901470,0.417860,0.641310,0.757250,0.304400,0.951480,-0.204490,0.965340,-0.554830,0.811910,-0.818570,0.509490,-0.969860,0.103450,-0.914560,-0.314120,-0.701630,-0.654610,-0.323540,-0.889990,0.058650,-0.941720,0.444830,-0.821540,0.741050,-0.552310,0.894150,-0.187250,0.878930,0.203590,0.705550,0.548520,1.000000
0.385210,0.155640,0.412450,0.073930,0.264590,0.241250,0.233460,0.132300,0.194550,0.252920,0.245140,0.369650,0.089490,0.229570,-0.038910,0.369650,0.050580,0.249030,0.249030,0.097280,0.077820,0.299610,-0.024940,0.284820,-0.060240,0.262560,-0.147860,0.147860,-0.093390,0.311280,-0.190660,0.287940,-1.000000
0.000000,0.000000,0.000000,0.000000,0.000000,0.000000,-0.850000,-1.000000,0.000000,0.000000,1.000000,-1.000000,0.000000,0.000000,-1.000000,-1.000000,-1.000000,-1.000000,1.000000,-1.000000,-0.600000,-1.000000,1.000000,1.000000,-1.000000,-0.200000,1.000000,-1.000000,0.000000,1.000000,0.000000,0.000000,-1.000000
0.881100,0.000000,0.948170,-0.027440,0.935980,-0.012200,0.902440,0.018290,0.902440,0.018290,0.939020,0.009150,0.957320,0.003050,1.000000,0.027440,0.942070,-0.012200,0.908540,0.024390,0.914630,0.054880,0.996950,0.048780,0.896660,0.022260,0.908540,0.009150,1.000000,0.054880,0.975610,-0.012200,1.000000
-0.018640,-0.084590,0.000000,0.000000,0.000000,0.000000,0.114700,-0.268100,-0.456630,-0.381720,0.000000,0.000000,-0.336560,0.386020,-0.371330,0.150180,0.637280,0.221150,0.000000,0.000000,0.000000,0.000000,-0.148030,-0.013260,0.206450,-0.022940,0.000000,0.000000,0.165950,0.240860,-0.082080,0.380650,-1.000000
0.926570,0.041740,0.892660,0.157660,0.860980,0.197910,0.836750,0.365260,0.806190,0.401980,0.762210,0.405520,0.665860,0.483600,0.601010,0.517520,0.533920,0.521800,0.484350,0.542120,0.425460,0.556840,0.333400,0.552740,0.269780,0.542140,0.223070,0.534480,0.143120,0.491240,0.115730,0.465710,1.000000
0.811430,0.037140,0.851430,-0.001430,0.790000,0.007140,0.795710,-0.042860,0.875710,0.000000,0.855710,-0.067140,0.864290,0.002860,0.828570,-0.054290,0.810000,-0.118570,0.768570,-0.084290,0.842860,-0.050000,0.770000,-0.068570,0.815980,-0.086690,0.825710,-0.104290,0.814290,-0.050000,0.821430,-0.151430,1.000000
-1.000000,-1.000000,0.000000,0.000000,0.000000,0.000000,0.000000,0.000000,0.000000,0.000000,0.000000,0.000000,1.000000,-1.000000,0.000000,0.000000,-1.000000,-1.000000,0.000000,0.000000,1.000000,1.000000,1.000000,-1.000000,1.000000,-1.000000,0.000000,0.000000,0.000000,0.000000,0.000000,0.000000,-1.000000
0.086960,0.006860,0.139590,-0.041190,0.105260,-0.082380,0.125860,-0.061780,0.233410,-0.011440,0.123570,0.077800,0.146450,-0.135010,0.290620,-0.048050,0.189930,0.073230,0.116700,0.000000,0.112130,-0.002290,0.151030,-0.102970,0.084670,0.013730,0.112130,-0.066360,0.096110,-0.073230,0.116700,-0.068650,-1.000000
0.970320,-0.143840,0.913240,-0.002280,0.965750,-0.171230,0.986300,0.182650,0.917810,0.002280,0.936070,-0.084470,0.913240,-0.002280,0.867580,-0.086760,0.970320,-0.212330,1.000000,0.102740,0.920090,-0.052510,0.924660,0.068490,0.940430,-0.092520,0.970320,-0.200910,0.853880,-0.086760,0.965750,-0.219180,1.000000
1.000000,-1.000000,1.000000,1.000000,1.000000,1.000000,1.000000,1.000000,1.000000,1.000000,1.000000,-1.000000,1.000000,-1.000000,1.000000,1.000000,1.000000,-1.000000,1.000000,1.000000,1.000000,1.000000,1.000000,-1.000000,1.000000,1.000000,1.000000,-1.000000,1.000000,1.000000,1.000000,-1.000000,-1.000000
-1.000000,-1.000000,1.000000,1.000000,1.000000,-1.000000,-1.000000,1.000000,1.000000,-1.000000,-1.000000,-1.000000,0.000000,0.000000,1.000000,1.000000,-1.000000,-1.000000,1.000000,-1.000000,1.000000,-1.000000,1.000000,1.000000,1.000000,-1.000000,1.000000,-1.000000,-1.000000,1.000000,1.000000,-1.000000,-1.000000
1.000000,-0.024010,0.941400,0.065310,0.921060,-0.232550,0.771520,-0.163990,0.527980,-0.202750,0.564090,-0.007120,0.343950,-0.274570,0.529400,-0.217800,0.451070,-0.178130,0.059820,-0.355750,0.023090,-0.528790,0.032860,-0.651580,0.132900,-0.532060,0.024310,-0.621970,-0.057070,-0.595730,-0.046080,-0.656970,1.000000
1.000000,1.000000,0.000000,0.000000,0.000000,0.000000,0.000000,0.000000,0.477440,-0.890980,-0.515040,0.454890,-0.954890,0.285710,0.646620,1.000000,0.000000,0.000000,0.000000,0.000000,0.620300,0.203010,-1.000000,-1.000000,1.000000,-1.000000,1.000000,1.000000,0.000000,0.000000,0.000000,0.000000,-1.000000
0.762960,-0.077780,1.000000,-0.296300,1.000000,-0.857410,0.800000,0.061110,0.455560,-0.427780,1.000000,-0.125810,1.000000,-0.835190,0.492590,0.018520,0.822220,-0.059260,0.982150,-0.199380,1.000000,0.220370,0.696300,-0.264810,0.921480,-0.245490,0.788890,0.020370,0.874920,-0.271050,1.000000,-0.570370,1.000000
0.641220,0.014030,0.341460,-0.024390,0.527510,0.034660,0.195120,0.121950,0.433130,0.047550,0.219510,0.048780,0.292680,0.000000,0.365850,0.000000,0.317070,0.073170,0.268290,0.121950,0.236980,0.058130,0.219510,0.097560,0.193040,0.056410,0.174100,0.055040,0.195120,0.000000,0.170730,0.073170,1.000000
1.000000,-0.055290,1.000000,-1.000000,0.500000,-0.111110,0.361110,-0.222220,1.000000,-0.257120,0.166670,-0.111110,1.000000,-0.346600,1.000000,-0.388530,1.000000,-0.428620,0.000000,-0.250000,1.000000,-0.503330,1.000000,-0.277780,1.000000,-0.570920,1.000000,-0.277780,1.000000,-0.631560,1.000000,-0.659350,-1.000000
-1.000000,-1.000000,1.000000,1.000000,1.000000,-0.143750,0.000000,0.000000,-1.000000,1.000000,1.000000,1.000000,0.179170,-1.000000,-1.000000,-1.000000,0.087500,-1.000000,1.000000,-1.000000,-1.000000,1.000000,-1.000000,-1.000000,1.000000,-1.000000,-1.000000,-1.000000,1.000000,1.000000,0.000000,0.000000,-1.000000
0.975880,-0.106020,0.946010,-0.208000,0.928060,-0.283500,0.859960,-0.273420,0.797660,-0.479290,0.782250,-0.507640,0.746280,-0.614360,0.579450,-0.680860,0.378520,-0.736410,0.363240,-0.765620,0.318980,-0.797530,0.227920,-0.816340,0.136590,-0.825100,0.046060,-0.823950,-0.042620,-0.813180,-0.138320,-0.809750,1.000000
0.659090,-0.628790,0.000000,0.000000,0.000000,0.000000,0.772730,1.000000,1.000000,-0.280300,0.000000,0.000000,0.000000,0.000000,0.621210,-0.227270,0.840910,-1.000000,1.000000,-1.000000,0.000000,0.000000,0.000000,0.000000,1.000000,-0.939390,-0.128790,-0.931820,0.000000,0.000000,0.000000,0.000000,-1.000000
0.857360,0.000750,0.819270,-0.056760,0.775210,-0.041820,0.843170,0.090370,0.862580,0.119490,0.880510,-0.061240,0.783420,0.035100,0.837190,-0.067960,0.835700,-0.141900,0.881250,0.011950,0.905150,0.022400,0.796860,-0.019420,0.823830,-0.036780,0.881250,-0.064230,0.739360,-0.019420,0.790890,-0.091860,1.000000
0.473680,-0.105260,0.837810,0.017560,0.831550,0.026150,0.684210,-0.052630,0.684210,0.000000,0.798560,0.050280,0.783150,0.057560,0.842110,0.473680,1.000000,0.052630,0.725500,0.076310,0.703010,0.081410,0.421050,0.210530,0.654190,0.089680,0.526320,-0.210530,0.601500,0.095340,0.574180,0.097190,1.000000
0.895630,0.379170,0.673110,0.694380,0.359160,0.886960,-0.041930,0.933450,-0.388750,0.844140,-0.672740,0.620780,-0.826800,0.303560,-0.861500,-0.053650,-0.735640,-0.342750,-0.517780,-0.624430,-0.234280,-0.738550,0.069110,-0.738560,0.335310,-0.622960,0.524140,-0.420860,0.612170,-0.173430,0.600730,0.086600,1.000000
0.882080,-0.146390,0.934080,-0.110570,0.921000,-0.164500,0.883070,-0.170360,0.884620,-0.318090,0.852690,-0.314630,0.821160,-0.359240,0.806810,-0.336320,0.752430,-0.470220,0.705550,-0.471530,0.661500,-0.500850,0.612970,-0.480860,0.568040,-0.546290,0.501790,-0.598540,0.470750,-0.573770,0.421890,-0.580860,1.000000
0.822540,-0.075720,0.804620,0.002310,0.875140,-0.012140,0.868210,-0.075140,0.728320,-0.117340,0.846240,0.050290,0.831210,-0.073990,0.747980,0.067050,0.783240,0.063580,0.867630,-0.023700,0.788440,-0.060120,0.744510,-0.023700,0.767170,-0.027310,0.740460,-0.076300,0.700580,-0.042200,0.784390,0.012140,1.000000
0.575400,-0.031750,0.751980,-0.053570,0.615080,-0.011900,0.539680,0.033730,0.617060,0.099210,0.591270,-0.023810,0.626980,0.011900,0.708330,0.025790,0.603170,0.015870,0.478170,-0.027780,0.591270,0.037700,0.500000,0.039680,0.612910,-0.012370,0.617060,-0.134920,0.688490,-0.013890,0.625000,-0.031750,1.000000
1.000000,0.058120,0.945250,0.074180,0.999520,0.132310,1.000000,-0.019110,0.948460,0.070330,0.957130,0.146440,0.948620,0.112240,0.908960,0.201190,0.967410,0.162650,0.996950,0.142580,0.907840,0.164100,0.916670,0.224310,0.884230,0.235710,0.885680,0.225110,0.783240,0.295760,0.835740,0.311660,1.000000
1.000000,-1.000000,1.000000,1.000000,-1.000000,-1.000000,1.000000,-1.000000,0.000000,0.000000,0.000000,0.000000,-1.000000,1.000000,1.000000,-1.000000,1.000000,-1.000000,-0.750000,1.000000,1.000000,-1.000000,1.000000,-1.000000,1.000000,-1.000000,-1.000000,-1.000000,0.000000,0.000000,1.000000,-1.000000,-1.000000
0.940800,0.119330,0.857380,0.010380,0.851240,0.015460,0.769660,-0.002780,0.844590,0.109160,0.832890,0.030270,0.826800,0.035060,0.748380,0.019430,0.800190,0.024050,0.808620,0.049010,0.802590,0.053520,0.773360,0.022200,0.790580,0.062350,0.859390,0.092510,0.778630,0.070900,0.772690,0.075080,1.000000
0.848430,0.067940,0.805620,-0.022990,0.770310,-0.032990,0.667250,-0.066200,0.595820,-0.076660,0.672600,-0.057710,0.642600,-0.064380,0.391990,0.045300,0.712540,0.013940,0.559700,-0.080390,0.534300,-0.084530,0.470380,-0.228220,0.486590,-0.091280,0.526130,-0.085370,0.442770,-0.096210,0.422230,-0.098080,1.000000
1.000000,0.500000,1.000000,0.250000,0.250000,1.000000,0.168510,0.911800,-0.133360,0.804540,-0.341070,0.607930,-0.438200,0.378560,-0.436630,0.167090,-0.366760,0.006780,-0.264770,-0.090250,-0.161780,-0.129640,-0.077820,-0.127440,-0.020890,-0.102420,0.010330,-0.070360,0.022240,-0.041420,0.022490,-0.020170,1.000000
0.871110,0.043260,0.799460,0.182970,0.990090,0.292920,0.894550,-0.083370,0.885980,-0.020280,0.904460,-0.267240,0.894100,0.199640,0.886440,-0.046420,0.844520,-0.009910,0.978820,-0.340240,0.789540,-0.251010,0.866610,-0.091930,0.859670,-0.029080,0.787740,-0.041010,0.759350,0.218120,0.882380,0.091930,1.000000
1.000000,-0.924530,1.000000,0.754720,0.490570,-0.056600,0.622640,0.000000,1.000000,-0.000540,0.452830,0.075470,0.622640,-0.056600,0.988780,-0.000850,0.528300,0.000000,0.528300,0.075470,0.951900,-0.001120,1.000000,0.792450,0.921920,-0.001280,0.943400,-1.000000,1.000000,0.433960,0.433960,-0.113210,1.000000
0.747040,-0.132410,0.537550,0.169960,0.727270,0.094860,0.695650,-0.110670,0.667980,-0.235180,0.879450,-0.191700,0.737150,0.041500,0.630430,-0.003950,0.636360,-0.118580,0.792490,-0.252960,0.664030,-0.286560,0.671940,-0.104740,0.618470,-0.120410,0.600790,-0.209490,0.375490,0.069170,0.610670,-0.013830,1.000000
0.427080,-0.500000,0.000000,0.000000,0.000000,0.000000,0.464580,0.510420,0.589580,0.020830,0.000000,0.000000,0.000000,0.000000,0.164580,-0.454170,0.591670,-0.183330,0.000000,0.000000,0.000000,0.000000,0.987500,-0.408330,-1.000000,-1.000000,-0.279170,-0.756250,0.000000,0.000000,0.000000,0.000000,-1.000000
1.000000,1.000000,-1.000000,-1.000000,-1.000000,-1.000000,0.000000,0.000000,0.000000,0.000000,-1.000000,-1.000000,0.000000,0.000000,0.000000,0.000000,0.000000,0.000000,-1.000000,1.000000,1.000000,1.000000,0.000000,0.000000,1.000000,-1.000000,0.000000,0.000000,-1.000000,-1.000000,-1.000000,-1.000000,-1.000000
0.835080,0.082980,0.737390,-0.147060,0.843490,-0.055670,0.904410,-0.046220,0.893910,0.131300,0.811970,0.067230,0.793070,-0.089290,1.000000,-0.021010,0.966390,0.066180,0.876050,0.011550,0.775210,0.066180,0.953780,-0.042020,0.834790,0.001230,1.000000,0.128150,0.866600,-0.107140,0.905460,-0.043070,1.000000
-1.000000,1.000000,1.000000,1.000000,0.000000,0.000000,1.000000,-1.000000,1.000000,-1.000000,1.000000,-1.000000,-1.000000,-1.000000,0.000000,0.000000,-1.000000,-1.000000,0.000000,0.000000,0.000000,0.000000,-1.000000,-1.000000,1.000000,-1.000000,1.000000,1.000000,-1.000000,-1.000000,0.000000,0.000000,-1.000000
1.000000,0.083800,1.000000,0.173870,1.000000,-0.133080,0.981720,0.645200,1.000000,0.479040,1.000000,0.591130,1.000000,0.707580,1.000000,0.827770,1.000000,0.950990,1.000000,1.000000,0.980420,1.000000,0.916240,1.000000,0.838990,1.000000,0.748220,1.000000,0.643580,1.000000,0.524790,1.000000,1.000000
0.675470,0.045280,0.769810,-0.105660,0.773580,0.037740,0.660380,-0.045280,0.645280,0.011320,0.667920,-0.139620,0.720750,-0.022640,0.769810,0.086790,0.618870,-0.079250,0.758490,-0.237740,0.739620,-0.147170,0.849060,-0.150940,0.738860,-0.058010,0.667920,0.022640,0.864150,0.037740,0.732080,0.007550,1.000000
1.000000,-0.542100,1.000000,-1.000000,1.000000,-1.000000,1.000000,0.362170,1.000000,-0.411190,1.000000,1.000000,1.000000,-1.000000,1.000000,-0.293540,1.000000,-0.935990,1.000000,1.000000,1.000000,1.000000,1.000000,-0.408880,1.000000,-0.627450,1.000000,-1.000000,1.000000,-1.000000,1.000000,-1.000000,-1.000000
1.000000,1.000000,0.000000,0.000000,1.000000,-1.000000,-1.000000,-1.000000,1.000000,1.000000,1.000000,-1.000000,0.000000,0.000000,1.000000,-1.000000,1.000000,1.000000,0.000000,0.000000,1.000000,-1.000000,-1.000000,-1.000000,1.000000,1.000000,-1.000000,1.000000,-1.000000,1.000000,0.000000,0.000000,-1.000000
-0.006410,-0.500000,0.000000,0.000000,-0.019230,1.000000,0.000000,0.000000,0.000000,0.000000,0.000000,0.000000,0.000000,0.000000,0.000000,0.000000,0.314100,0.929490,-0.352560,0.743590,-0.346150,-0.807690,0.000000,0.000000,-0.615380,-0.512820,0.000000,0.000000,0.000000,0.000000,0.000000,0.000000,-1.000000
1.000000,-0.451610,1.000000,1.000000,0.712160,-1.000000,0.000000,0.000000,0.000000,0.000000,0.000000,0.000000,-1.000000,0.145160,0.540940,-0.393300,-1.000000,-0.544670,-0.699750,1.000000,0.000000,0.000000,1.000000,0.906950,0.516130,1.000000,1.000000,-0.200990,0.256820,1.000000,-0.323820,1.000000,-1.000000
0.995390,-0.058890,0.852430,0.023060,0.833980,-0.377080,1.000000,0.037600,0.852430,-0.177550,0.597550,-0.449450,0.605360,-0.382230,0.843560,-0.385420,0.582120,-0.321920,0.569710,-0.296740,0.369460,-0.473570,0.568110,-0.511710,0.410780,-0.461680,0.212660,-0.340900,0.422670,-0.544870,0.186410,-0.453000,1.000000
0.623350,-0.034900,0.590850,0.004810,0.604090,-0.074610,0.631770,0.009630,0.624550,-0.074610,0.670280,0.072200,0.629360,-0.084240,0.675090,0.091460,0.671480,0.000000,0.589650,0.101080,0.500600,0.031290,0.659450,0.140790,0.604630,0.020190,0.513840,0.044520,0.617330,-0.009630,0.613720,-0.091460,1.000000
1.000000,-0.240510,1.000000,-0.202530,0.873420,-0.101270,0.886080,0.012660,1.000000,0.113920,0.924050,0.063290,0.848100,-0.037970,0.632910,-0.367090,0.873420,-0.012660,0.936710,0.063290,1.000000,0.253160,0.620250,-0.379750,0.846370,-0.055400,1.000000,-0.063290,0.531650,0.025320,0.835440,-0.025320,1.000000
0.000000,0.000000,0.000000,0.000000,0.000000,0.000000,0.000000,0.000000,0.000000,0.000000,-1.000000,1.000000,1.000000,0.551720,0.000000,0.000000,0.000000,0.000000,0.000000,0.000000,0.000000,0.000000,0.000000,0.000000,1.000000,1.000000,0.000000,0.000000,0.000000,0.000000,0.000000,0.000000,-1.000000
0.748520,-0.028110,0.656800,-0.051780,0.806210,0.028110,0.859470,0.025150,0.634620,0.087280,0.715980,0.078400,0.730770,0.051780,0.785500,-0.278110,0.659760,-0.014790,0.786980,0.069530,0.346150,-0.186390,0.653850,0.028110,0.610090,-0.066370,0.535500,-0.211540,0.590240,-0.140530,0.563610,0.029590,1.000000
1.000000,-0.163160,1.000000,-0.101690,0.999990,-0.151970,1.000000,-0.192770,0.940550,-0.351510,0.957350,-0.297850,0.937190,-0.344120,0.944860,-0.281060,0.901370,-0.433830,0.860430,-0.473080,0.829870,-0.512200,0.840800,-0.471370,0.762240,-0.583700,0.657230,-0.687940,0.687140,-0.645370,0.647270,-0.672260,1.000000
0.712530,-0.025950,0.412870,-0.230670,0.980190,-0.094730,0.997090,-0.102360,1.000000,-0.109510,0.589650,1.000000,0.837260,-1.000000,0.822700,-0.178630,0.807600,-0.282570,-0.259140,0.927300,0.519330,0.054560,0.654930,-0.203920,0.931240,-0.413070,0.638110,-0.219010,0.861360,-0.873540,-0.231860,-1.000000,-1.000000
0.470900,0.227510,0.423280,0.335980,0.256610,0.476190,0.018520,0.494710,-0.021160,0.539680,-0.341270,0.312170,-0.412700,0.325400,-0.515870,0.068780,-0.500000,-0.116400,-0.148150,-0.145500,-0.148150,-0.380950,-0.232800,0.002650,0.035740,-0.317390,0.158730,-0.216930,0.248680,-0.243390,0.267200,0.042330,1.000000
0.000000,0.000000,1.000000,-1.000000,0.000000,0.000000,0.000000,0.000000,1.000000,1.000000,1.000000,-0.253420,1.000000,0.232880,1.000000,-1.000000,0.000000,0.000000,0.000000,0.000000,1.000000,1.000000,0.000000,0.000000,1.000000,-1.000000,0.000000,0.000000,1.000000,-1.000000,0.000000,0.000000,-1.000000
0.841340,-0.183620,0.436440,0.029190,0.934210,-0.002670,0.879470,0.137950,0.811210,-0.017890,0.885590,0.549910,0.917140,-0.574860,0.750000,-0.295200,0.866760,-0.201040,1.000000,1.000000,0.466100,-0.162900,0.900660,-0.027780,0.933580,-0.011580,0.615820,-0.322980,0.844630,-0.257060,0.933230,-0.014250,1.000000
0.994490,0.005260,0.840820,-0.113130,0.882370,-0.164310,0.990610,-0.062570,0.964840,-0.074960,0.852210,0.029660,0.871610,-0.208480,0.938810,-0.129770,0.982980,-0.089350,0.898760,0.000750,0.878360,-0.058820,0.933680,-0.198720,0.875790,-0.178060,0.942940,-0.165810,0.802530,-0.257410,0.765860,-0.277940,1.000000
0.576470,-0.015690,0.403920,0.000000,0.384310,0.129410,0.400000,-0.058820,0.564710,0.141180,0.466670,0.082350,0.525490,-0.054900,0.580390,0.015690,0.501960,0.000000,0.458820,0.066670,0.580390,0.082350,0.498040,0.003920,0.486010,0.100390,0.462750,0.082350,0.450980,0.235290,0.431370,0.172550,1.000000
0.944900,-0.493110,1.000000,-0.036920,0.988980,-0.870520,0.900830,0.669420,1.000000,-0.101040,1.000000,-0.124930,1.000000,-0.150170,1.000000,-0.176810,1.000000,-0.204910,1.000000,-0.234520,1.000000,-0.265710,1.000000,-0.298520,1.000000,-0.333040,1.000000,-0.369310,1.000000,-0.407400,1.000000,-0.447390,1.000000
-1.000000,1.000000,1.000000,-1.000000,0.000000,0.000000,0.000000,0.000000,1.000000,-1.000000,1.000000,1.000000,0.000000,0.000000,1.000000,-1.000000,0.000000,0.000000,0.000000,0.000000,1.000000,1.000000,-1.000000,1.000000,1.000000,-1.000000,-1.000000,1.000000,-1.000000,-1.000000,0.000000,0.000000,-1.000000
0.947010,-0.000340,0.932070,-0.032270,0.951770,-0.034310,0.955840,0.024460,0.941240,0.017660,0.925950,0.046880,0.939540,-0.014610,0.948370,0.020040,0.937840,0.013930,0.914060,0.076770,0.894700,0.061480,0.939880,0.031930,0.924890,0.025420,0.921200,0.022420,0.924590,0.004420,0.926970,-0.005770,1.000000
0.981820,0.000000,0.886270,0.031310,0.862490,0.045720,0.800000,0.000000,0.690910,0.045450,0.793430,0.084360,0.771180,0.095790,0.627270,0.254550,0.681820,0.127270,0.706740,0.126080,0.686040,0.134930,0.745450,0.227270,0.645810,0.150880,0.672730,0.027270,0.607150,0.164650,0.588400,0.170770,1.000000
0.744490,-0.023900,0.707720,0.033090,0.722430,0.169120,0.792280,0.077210,0.814340,0.439340,0.637870,0.005510,0.707720,0.216910,1.000000,0.060660,0.610290,0.051470,0.674630,0.042280,0.520220,-0.250000,0.729780,-0.158090,0.617270,0.071240,0.308820,0.086400,0.559160,0.074580,0.602940,0.216910,1.000000
0.589400,-0.609270,0.854300,0.552980,0.811260,0.072850,0.566230,0.162250,0.327810,0.241720,0.503310,0.122520,0.639070,0.198680,0.718540,0.427150,0.543050,0.139070,0.652320,0.278150,0.688740,0.072850,0.518720,0.266530,0.490130,0.276870,0.462160,0.285740,0.434840,0.293240,0.408210,0.299420,1.000000
0.901160,0.166070,0.792990,0.373790,0.729900,0.505150,0.597840,0.729970,0.443030,0.811520,0.244120,0.874930,0.064380,0.850380,-0.126110,0.873960,-0.287390,0.796170,-0.466350,0.659240,-0.571350,0.538050,-0.681590,0.399510,-0.718440,0.258350,-0.723690,0.112180,-0.714750,-0.055250,-0.676990,-0.199040,1.000000
0.618570,0.108500,0.706940,-0.069350,0.703580,0.016780,0.742730,0.002240,0.710290,0.157720,0.715880,-0.002240,0.797540,0.066000,0.836690,-0.165550,0.686800,-0.090600,0.625280,-0.013420,0.609620,0.117450,0.712530,-0.095080,0.698450,-0.016730,0.633110,0.048100,0.788590,-0.051450,0.652130,-0.046980,1.000000
0.327890,0.110420,0.159700,0.293080,0.140200,0.744850,-0.251310,0.919930,-0.165030,0.266640,-0.637140,0.248650,-0.976500,-0.003370,-0.232270,-0.199090,-0.305220,-0.488860,-0.144260,-0.899910,0.093450,-0.289160,0.283070,-0.185600,0.395990,-0.114980,0.310050,0.056140,0.214430,0.205400,0.133760,0.264220,1.000000
0.897060,0.382350,0.911760,0.375000,0.742650,0.676470,0.455880,0.779410,0.191180,0.889710,-0.022060,0.860290,-0.205880,0.823530,-0.375000,0.676470,-0.500000,0.477940,-0.735290,0.382350,-0.860290,0.088240,-0.742650,-0.125000,-0.679250,-0.241310,-0.551470,-0.426470,-0.441180,-0.507350,-0.286760,-0.566180,1.000000
0.000000,0.000000,0.000000,0.000000,0.000000,0.000000,0.000000,0.000000,0.621950,1.000000,0.000000,0.000000,0.000000,0.000000,0.365850,-0.719510,0.560980,-1.000000,0.000000,0.000000,0.000000,0.000000,0.000000,0.000000,1.000000,0.109760,0.000000,0.000000,0.000000,0.000000,0.000000,0.000000,-1.000000
1.000000,-0.033650,1.000000,0.004850,1.000000,-0.120620,0.889650,0.011980,0.730820,0.053460,0.854430,0.008270,0.545910,0.002990,0.837750,-0.136440,0.755350,-0.085400,0.708870,-0.275020,0.433850,-0.120620,0.575280,-0.402200,0.589840,-0.221450,0.431000,-0.173650,0.604360,-0.241800,0.560450,-0.382380,1.000000
0.694440,0.388890,0.000000,0.000000,-0.329370,0.698410,0.000000,0.000000,0.000000,0.000000,0.000000,0.000000,0.206350,-0.242060,0.210320,0.194440,0.464290,0.781750,0.000000,0.000000,0.000000,0.000000,0.734130,0.273810,0.761900,0.634920,0.000000,0.000000,0.000000,0.000000,0.000000,0.000000,-1.000000
0.952170,0.065950,0.936140,0.130300,0.909960,0.191520,0.848810,-0.499620,0.900230,0.613200,0.779370,0.343280,0.722540,0.379880,0.661450,0.408440,0.954720,0.598620,0.532580,0.440880,0.467730,0.445110,0.404400,0.441990,0.343740,0.432210,0.903300,1.000000,0.234050,0.396200,0.186320,0.371910,1.000000
1.000000,0.004330,1.000000,-0.012090,1.000000,-0.029600,1.000000,-0.070140,0.978390,-0.062560,1.000000,-0.065440,0.972610,-0.079170,0.925610,-0.136650,0.941840,-0.143270,0.995890,-0.142480,0.948150,-0.135650,0.894690,-0.208510,0.890670,-0.179090,0.856440,-0.185520,0.837770,-0.201010,0.838670,-0.207660,1.000000
0.841770,0.434600,0.500000,0.761600,0.099160,0.934600,-0.377640,0.881860,-0.723630,0.611810,-0.938820,0.194090,-0.867090,-0.255270,-0.628690,-0.656120,-0.251050,-0.856540,0.162450,-0.864980,0.514770,-0.668780,0.748950,-0.289030,0.779370,0.079330,0.641350,0.428270,0.314350,0.624470,-0.004220,0.694090,1.000000
1.000000,1.000000,1.000000,-1.000000,0.000000,0.000000,0.000000,0.000000,-1.000000,-1.000000,0.000000,0.000000,0.000000,0.000000,-1.000000,1.000000,1.000000,1.000000,-1.000000,1.000000,-1.000000,1.000000,1.000000,-1.000000,1.000000,1.000000,-1.000000,1.000000,1.000000,1.000000,0.000000,0.000000,-1.000000
0.661610,-1.000000,1.000000,1.000000,1.000000,-0.673210,0.808930,-0.404460,1.000000,-1.000000,1.000000,-0.893750,1.000000,0.733930,0.175890,0.709820,1.000000,0.780360,1.000000,0.852680,1.000000,-1.000000,1.000000,0.853570,1.000000,-0.085710,0.959820,-0.362500,1.000000,0.652680,1.000000,0.347320,-1.000000
0.939720,0.280820,0.804860,0.528210,0.581670,0.731510,0.349610,0.805110,0.107970,0.904030,-0.200150,0.893350,-0.397300,0.821630,-0.588350,0.628670,-0.763050,0.403680,-0.812620,0.188880,-0.813170,-0.042840,-0.752730,-0.268830,-0.632370,-0.464380,-0.464220,-0.614460,-0.263890,-0.708350,-0.089370,-0.712730,1.000000
0.000000,0.000000,0.989190,-0.227030,0.189190,-0.054050,0.000000,0.000000,0.932430,0.072970,1.000000,-0.200000,1.000000,0.070270,1.000000,-0.113510,0.000000,0.000000,1.000000,-0.210810,1.000000,-0.416220,0.000000,0.000000,1.000000,-0.175680,0.000000,0.000000,1.000000,-0.259460,0.289190,-0.156760,-1.000000
1.000000,0.240770,0.998150,0.003690,0.802440,-0.301330,0.899190,-0.234860,0.706430,-0.240770,0.738550,-0.305390,0.714920,-0.360780,0.471940,-0.611890,0.404730,-0.550590,0.610410,-0.393280,0.531760,-0.326810,0.239660,-0.521420,0.292080,-0.483900,0.127770,-0.391430,0.156570,-0.513290,0.183530,-0.466030,1.000000
1.000000,-1.000000,-1.000000,1.000000,-1.000000,1.000000,1.000000,1.000000,1.000000,1.000000,-1.000000,-1.000000,-1.000000,-1.000000,1.000000,1.000000,1.000000,-1.000000,-1.000000,-1.000000,-1.000000,-1.000000,1.000000,0.000000,1.000000,-1.000000,1.000000,-1.000000,-1.000000,1.000000,-1.000000,1.000000,-1.000000
0.988220,0.021870,0.931020,0.341000,0.839040,0.352220,0.747060,0.489060,0.735840,0.518790,0.550760,0.601790,0.431300,0.662370,0.318000,0.704430,0.283790,0.688730,0.075150,0.736960,0.063380,0.712840,-0.164890,0.697140,-0.165560,0.605100,-0.162090,0.558050,-0.347170,0.441950,-0.334830,0.374650,1.000000
0.749160,0.025490,0.989940,0.097920,0.758550,0.128770,0.743130,-0.091880,0.958420,0.024820,0.979210,-0.004690,0.961100,0.101950,0.914820,0.037560,0.710260,0.026830,0.812210,-0.080480,1.000000,0.000000,0.717640,-0.012070,0.822710,0.025520,0.724350,-0.010730,0.904090,0.110660,0.728370,0.027500,1.000000
1.000000,0.578200,1.000000,-1.000000,1.000000,-1.000000,1.000000,-1.000000,1.000000,-1.000000,1.000000,-1.000000,1.000000,-1.000000,1.000000,-1.000000,1.000000,-1.000000,1.000000,-0.627960,1.000000,-1.000000,1.000000,-1.000000,1.000000,-1.000000,1.000000,-1.000000,1.000000,-1.000000,1.000000,-1.000000,-1.000000
0.847100,0.135330,0.736380,-0.061510,0.878730,0.082600,0.889280,-0.091390,0.787350,0.066780,0.806680,-0.003510,0.792620,-0.010540,0.857640,-0.045690,0.871700,-0.035150,0.817220,-0.094900,0.710020,0.043940,0.864670,-0.151140,0.811470,-0.048220,0.782070,-0.007030,0.757470,-0.066780,0.857640,-0.061510,1.000000
0.023370,-0.005920,-0.099240,-0.119490,-0.007630,-0.118240,0.147060,0.066370,0.037860,-0.063020,0.000000,0.000000,-0.045720,-0.155400,-0.003430,-0.101960,-0.115750,-0.054140,0.018380,0.036690,0.015190,0.008880,0.035130,-0.015350,-0.032400,0.092230,-0.078590,0.007320,0.000000,0.000000,-0.000390,0.120110,-1.000000
-0.266670,0.400000,-0.273030,0.121590,-0.177780,-0.044440,0.061920,-0.068790,0.044610,0.025750,-0.008850,0.027260,-0.015860,-0.001660,-0.000930,-0.008830,0.004700,-0.001530,0.001380,0.002380,-0.001140,0.001020,-0.000690,-0.000500,0.000190,-0.000430,0.000260,0.000050,0.000000,0.000150,-0.000080,0.000020,-1.000000
1.000000,-0.022590,1.000000,-0.044940,1.000000,-0.066820,1.000000,-0.087990,1.000000,0.561730,1.000000,-0.127380,1.000000,-0.145220,1.000000,0.324070,1.000000,-0.176390,0.994840,-0.189490,0.956010,-0.200810,1.000000,-0.922840,0.872800,-0.217930,0.829200,-0.223700,0.784790,-0.227650,0.739920,-0.229810,1.000000
0.266670,-0.100000,0.533330,0.000000,0.333330,-0.133330,0.366670,0.116670,0.566670,0.016670,0.716670,0.083330,0.700000,-0.066670,0.533330,0.200000,0.416670,-0.016670,0.316670,0.200000,0.700000,0.000000,0.250000,0.133330,0.462140,0.054390,0.400000,0.033330,0.466670,0.033330,0.416670,-0.050000,1.000000
1.000000,0.168010,0.993520,0.163340,0.946160,0.333470,0.917590,0.226100,0.914080,0.371070,0.842500,0.468990,0.810110,0.492250,0.784730,0.483110,0.650910,0.569770,0.565530,0.580710,0.555860,0.647200,0.483110,0.552360,0.433170,0.691290,0.356840,0.761470,0.339210,0.668440,0.221010,0.786850,1.000000
-1.000000,-0.596770,0.000000,0.000000,-1.000000,0.645160,-0.870970,1.000000,0.000000,0.000000,0.000000,0.000000,0.000000,0.000000,0.000000,0.000000,0.000000,0.000000,-1.000000,-1.000000,0.000000,0.000000,0.298390,0.233870,1.000000,0.516130,0.000000,0.000000,0.000000,0.000000,0.000000,0.000000,-1.000000
0.990250,-0.057850,0.997930,-0.130090,0.986630,-0.194300,0.993740,-0.258430,0.927380,-0.301300,0.926510,-0.379650,0.898120,-0.437960,0.849220,-0.520640,0.874330,-0.570750,0.790160,-0.598390,0.747250,-0.646150,0.682820,-0.684790,0.652470,-0.731740,0.610100,-0.753530,0.547520,-0.802780,0.491950,-0.832450,1.000000
0.845570,-0.085800,-0.317450,-0.805530,-0.089610,-0.564350,0.806480,0.045760,0.895140,-0.007630,-0.184940,0.639660,-0.200190,-0.680650,0.857010,-0.113440,0.779790,-0.157290,-0.069590,0.508100,-0.341280,0.809340,0.789320,-0.037180,0.708820,-0.252880,0.778840,-0.141090,-0.213540,-0.781700,-0.184940,-0.598670,-1.000000
0.946310,0.174980,0.909460,0.331430,0.850960,0.499600,0.736780,0.638420,0.592150,0.738380,0.486980,0.836140,0.304590,0.906650,0.179590,0.934290,-0.007010,0.931090,-0.188800,0.893830,-0.330230,0.824920,-0.465340,0.764820,-0.585630,0.663350,-0.679290,0.525640,-0.753210,0.424880,-0.812100,0.260920,1.000000
0.000000,0.000000,0.000000,0.000000,0.000000,0.000000,1.000000,1.000000,1.000000,1.000000,0.000000,0.000000,0.000000,0.000000,-0.375000,-1.000000,-1.000000,-1.000000,0.000000,0.000000,0.000000,0.000000,-1.000000,-1.000000,-1.000000,-1.000000,-1.000000,1.000000,1.000000,0.000000,0.000000,0.000000,-1.000000
0.793780,0.294920,0.640640,0.523120,0.413190,0.681580,0.141770,0.835480,-0.168310,0.787720,-0.429110,0.723280,-0.571650,0.414710,-0.754360,0.167550,-0.699770,-0.098560,-0.576950,-0.235030,-0.406370,-0.382870,-0.174370,-0.525400,0.015230,-0.487070,0.190300,-0.380590,0.310080,-0.231990,0.345720,-0.080360,1.000000
-1.000000,1.000000,-1.000000,0.152440,0.283540,1.000000,-1.000000,1.000000,-1.000000,-1.000000,1.000000,1.000000,-1.000000,-0.234760,0.283010,-1.000000,1.000000,1.000000,-0.314020,-1.000000,-1.000000,-1.000000,1.000000,-1.000000,-1.000000,-0.035780,1.000000,-1.000000,-1.000000,-0.323170,0.149390,1.000000,-1.000000
1.000000,0.024610,0.996720,0.048610,0.975450,0.071430,0.617450,-1.000000,0.910360,0.111470,0.884620,0.536400,0.820770,0.141370,0.769290,0.151890,1.000000,0.410030,0.658500,0.163710,0.601380,0.165160,0.544460,0.163900,0.488670,0.160190,0.434810,0.154360,0.383520,0.146770,1.000000,1.000000,-1.000000
0.905470,0.411130,0.653540,0.747610,0.299210,0.959050,-0.133420,0.978200,-0.522360,0.832630,-0.796570,0.550860,-0.966310,0.151920,-0.930010,-0.255540,-0.718630,-0.593790,-0.415460,-0.852050,-0.022500,-0.937880,0.363180,-0.853680,0.675380,-0.619590,0.859770,-0.281230,0.886540,0.098000,0.754950,0.463010,1.000000
0.000000,0.000000,1.000000,1.000000,1.000000,1.000000,0.000000,0.000000,0.000000,0.000000,-1.000000,-1.000000,0.000000,0.000000,-1.000000,-1.000000,0.000000,0.000000,0.000000,0.000000,1.000000,1.000000,0.000000,0.000000,1.000000,1.000000,0.000000,0.000000,-1.000000,1.000000,0.000000,0.000000,-1.000000
0.681980,-0.173140,0.823320,0.219080,0.466430,0.328620,0.257950,0.583040,1.000000,-0.151940,0.010600,0.445230,0.010600,0.388690,0.186810,0.411680,0.105670,0.363530,0.043250,0.307450,-0.000830,0.249360,-0.028620,0.194050,-0.043140,0.144810,-0.047790,0.103490,-0.045850,0.070640,-0.040130,0.045860,-1.000000
0.868890,-0.071110,1.000000,-0.024940,1.000000,-0.068890,0.877780,0.002220,0.835560,-0.064440,1.000000,-0.072870,1.000000,-0.200000,0.868890,0.053330,0.880000,-0.037780,1.000000,-0.115260,1.000000,-0.186670,0.844440,0.035560,1.000000,-0.141620,0.822220,-0.146670,1.000000,-0.156090,1.000000,-0.442220,1.000000
1.000000,-0.284280,1.000000,-0.253460,0.946230,-0.350940,1.000000,-0.305660,0.927360,-0.490570,0.908180,-0.441190,0.757230,-0.588990,0.697480,-0.580190,0.596230,-0.575790,0.684590,-0.709750,0.544650,-0.873270,0.492140,-0.733330,0.355040,-0.760540,0.263520,-0.782390,0.166040,-0.731450,0.139940,-0.700000,1.000000
0.975130,0.007100,0.985790,0.019540,1.000000,0.019540,0.992900,0.015990,0.957370,0.023090,0.971580,0.035520,1.000000,0.037300,0.978690,0.021310,0.985790,0.056840,0.971580,0.047960,0.944940,0.055060,0.984010,0.035520,0.975400,0.064770,0.948490,0.081710,0.991120,0.062170,0.989340,0.099470,1.000000
0.019750,0.007050,0.040900,-0.008460,0.021160,0.011280,0.011280,0.043720,0.002820,0.001410,0.019750,-0.031030,-0.019750,0.060650,-0.040900,0.026800,-0.023980,-0.004230,0.043720,-0.025390,0.018340,0.000000,0.000000,-0.012690,0.018340,-0.011280,0.005640,-0.015510,-0.016930,-0.023980,0.007050,0.000000,-1.000000
0.909320,0.087910,0.865280,0.168880,1.000000,0.165980,0.551870,0.681540,0.702070,0.367190,0.162860,0.427390,0.576200,0.460860,0.510670,0.496180,0.316390,0.129670,0.378240,0.544620,0.312740,0.558260,0.248560,0.565270,0.186260,0.566050,0.126350,0.561010,0.069270,0.550610,0.121370,0.677390,1.000000
0.420000,-0.610000,0.000000,0.000000,1.000000,-1.000000,0.900000,1.000000,0.430000,0.640000,0.000000,0.000000,0.000000,0.000000,0.670000,-0.290000,0.840000,-1.000000,0.000000,0.000000,0.000000,0.000000,0.210000,0.680000,1.000000,0.220000,0.000000,0.000000,0.000000,0.000000,0.000000,0.000000,-1.000000
0.250000,0.166670,0.466670,0.266670,0.190360,0.239660,0.077660,0.199390,0.010700,0.149220,-0.023670,0.101880,-0.036850,0.063170,-0.037660,0.034580,-0.032300,0.015320,-0.024740,0.003570,-0.017260,-0.002730,-0.010970,-0.005390,-0.006210,-0.005860,-0.002940,-0.005200,-0.000890,-0.004080,0.000250,-0.002910,1.000000
0.185900,-0.166670,0.000000,0.000000,0.000000,0.000000,0.000000,0.000000,0.000000,0.000000,0.115380,-0.190710,0.000000,0.000000,0.000000,0.000000,0.000000,0.000000,0.000000,0.000000,-0.051280,-0.065710,0.078530,0.089740,0.173080,-0.108970,0.125000,0.096150,0.025640,-0.048080,0.168270,0.195510,-1.000000
0.852710,0.054260,1.000000,0.080690,1.000000,1.000000,0.914730,-0.007750,0.837210,0.038760,1.000000,0.271530,1.000000,1.000000,0.813950,0.046510,0.906980,0.116280,1.000000,0.506700,1.000000,-1.000000,0.806200,0.038760,1.000000,0.716130,0.844960,0.069770,1.000000,0.873170,1.000000,1.000000,-1.000000
1.000000,-0.188290,0.930350,-0.361560,-0.108680,-0.935970,1.000000,-0.045490,0.508740,-0.677430,0.344320,-0.697070,-0.516850,-0.975150,0.054990,-0.622370,0.331090,-1.000000,-0.131510,-0.453000,-0.180560,-0.357340,-0.203320,-0.265690,-0.204680,-0.184010,-0.190400,-0.115930,-0.166260,-0.062880,-0.137380,-0.024470,-1.000000
-0.541800,0.148610,-0.337460,0.733750,0.520120,-0.139320,0.318890,-0.068110,0.207430,-0.151700,0.473680,0.089780,0.563470,-0.154800,0.164090,0.452010,0.337460,0.034060,0.504640,0.071210,-0.637770,-0.616100,1.000000,0.656350,0.413480,-0.401160,-0.151700,0.111460,0.023990,0.558200,0.526320,-0.089780,-1.000000
0.000000,0.000000,1.000000,0.128890,0.884440,-0.020000,0.000000,0.000000,1.000000,-0.424440,1.000000,0.195560,1.000000,-0.053330,1.000000,-0.815560,0.000000,0.000000,1.000000,-0.040000,1.000000,-0.186670,0.000000,0.000000,1.000000,-1.000000,0.000000,0.000000,1.000000,0.117780,0.906670,-0.095560,-1.000000
1.000000,-1.000000,1.000000,1.000000,-1.000000,1.000000,1.000000,-1.000000,1.000000,-1.000000,-1.000000,-1.000000,-1.000000,1.000000,1.000000,1.000000,1.000000,1.000000,-1.000000,1.000000,1.000000,-1.000000,1.000000,-1.000000,1.000000,1.000000,1.000000,1.000000,-1.000000,1.000000,-1.000000,1.000000,-1.000000
0.436360,-0.127270,0.581820,-0.145450,0.181820,-0.672730,0.345450,-0.036360,0.290910,-0.054550,0.290910,0.290910,0.363640,-0.418180,0.200000,-0.018180,0.363640,0.054550,0.127270,0.490910,0.618180,0.163640,0.327270,0.163640,0.410980,-0.070270,0.345450,-0.054550,0.127270,-0.363640,0.290910,-0.290910,-1.000000
0.850130,0.018090,0.922110,0.014560,0.920460,0.021800,0.927650,0.080100,0.875970,0.113700,0.911610,0.043200,0.907380,0.050180,0.873390,0.028420,0.958660,0.000000,0.890970,0.070470,0.884300,0.076970,0.837210,0.108530,0.869230,0.089500,0.875970,0.087860,0.851980,0.101340,0.842580,0.106980,1.000000
0.000000,0.000000,0.000000,0.000000,0.000000,0.000000,0.000000,0.000000,0.000000,0.000000,0.000000,0.000000,0.000000,0.000000,0.000000,0.000000,0.000000,0.000000,0.000000,0.000000,0.000000,0.000000,0.000000,0.000000,1.000000,0.000000,0.000000,0.000000,0.000000,0.000000,0.000000,0.000000,-1.000000
-1.000000,1.000000,-1.000000,-1.000000,0.000000,0.000000,-1.000000,1.000000,1.000000,-1.000000,-1.000000,-1.000000,-1.000000,1.000000,0.000000,0.000000,-1.000000,-1.000000,-1.000000,1.000000,0.000000,0.000000,1.000000,-1.000000,1.000000,1.000000,1.000000,-1.000000,1.000000,1.000000,0.000000,0.000000,-1.000000
0.000000,0.000000,0.000000,0.000000,0.000000,0.000000,0.000000,0.000000,0.000000,0.000000,0.000000,0.000000,0.000000,0.000000,0.000000,0.000000,0.000000,0.000000,0.000000,0.000000,0.000000,0.000000,0.000000,0.000000,1.000000,-1.000000,0.000000,0.000000,0.000000,0.000000,0.000000,0.000000,-1.000000
1.000000,0.050700,1.000000,0.108270,1.000000,0.194980,1.000000,0.284530,1.000000,0.348260,1.000000,0.382610,0.945750,0.428810,0.891260,0.503910,0.759060,0.588010,0.806440,0.599620,0.795780,0.627580,0.666430,0.639420,0.594170,0.694350,0.495380,0.726840,0.470270,0.716890,0.333810,0.752430,1.000000
1.000000,-0.095240,-1.000000,-1.000000,-1.000000,-1.000000,1.000000,0.317460,0.813490,0.761900,-1.000000,-1.000000,-1.000000,1.000000,0.473640,1.000000,1.000000,1.000000,0.688390,-1.000000,-1.000000,-1.000000,0.829370,0.365080,1.000000,1.000000,1.000000,0.507940,-1.000000,-0.325400,-1.000000,0.728310,-1.000000
0.881790,0.434910,0.595730,0.776550,0.196720,0.945370,-0.241030,0.925440,-0.625260,0.712570,-0.864430,0.336520,-0.923840,-0.053380,-0.773560,-0.447070,-0.469500,-0.732850,-0.102370,-0.822170,0.263840,-0.775700,0.559840,-0.559100,0.721470,-0.244330,0.724780,0.095990,0.581370,0.389150,0.347490,0.576560,1.000000
0.870320,0.469720,0.539450,0.821610,0.103800,0.952750,-0.380330,0.879160,-0.739390,0.582260,-0.920990,0.167310,-0.824170,-0.249420,-0.593830,-0.633420,-0.240120,-0.828810,0.188230,-0.786990,0.515570,-0.574300,0.692740,-0.248430,0.690970,0.104840,0.527980,0.397620,0.259740,0.565730,-0.067390,0.575520,1.000000
0.000000,0.000000,0.000000,0.000000,0.000000,0.000000,-1.000000,1.000000,0.000000,0.000000,1.000000,0.373330,-0.120000,-0.120000,0.000000,0.000000,-1.000000,-1.000000,0.000000,0.000000,1.000000,-1.000000,0.000000,0.000000,1.000000,0.226670,0.000000,0.000000,0.000000,0.000000,0.000000,0.000000,-1.000000
0.936580,0.351070,0.752540,0.656400,0.455710,0.885760,0.153230,0.957760,-0.217750,0.963010,-0.565350,0.833970,-0.787510,0.580450,-0.931040,0.260200,-0.936410,-0.064180,-0.870280,-0.409490,-0.650790,-0.674640,-0.367990,-0.849510,-0.045780,-0.912210,0.273300,-0.857620,0.548270,-0.696130,0.748280,-0.441730,1.000000
0.833670,0.314560,0.655410,0.576710,0.349620,0.706770,0.172930,0.789470,-0.189760,0.798860,-0.417290,0.665410,-0.684210,0.477440,-0.747250,0.194920,-0.721800,-0.048870,-0.620300,-0.281950,-0.491650,-0.534630,-0.265770,-0.660140,-0.015300,-0.697060,0.227080,-0.644280,0.431000,-0.512060,0.646620,-0.300750,1.000000
1.000000,-0.013420,1.000000,0.015660,1.000000,-0.002240,1.000000,0.062640,0.977630,0.044740,0.959730,0.029080,1.000000,0.064880,0.988810,0.033560,1.000000,0.035790,0.997760,0.093960,0.957490,0.073830,1.000000,0.100670,0.999890,0.087630,0.991050,0.085010,1.000000,0.100670,1.000000,0.100670,1.000000
0.670650,0.025280,0.666260,0.050310,0.571970,0.187610,0.087760,0.340810,0.636210,0.121310,0.620990,0.142850,0.786370,0.109760,0.583730,0.181510,0.143950,0.412240,0.538880,0.213260,0.514200,0.226250,0.488380,0.237240,0.461670,0.246180,0.434330,0.253060,0.406630,0.257920,1.000000,0.330360,1.000000
-1.000000,1.000000,0.000000,0.000000,0.000000,0.000000,-1.000000,1.000000,1.000000,1.000000,0.000000,0.000000,0.000000,0.000000,1.000000,-1.000000,-1.000000,1.000000,1.000000,1.000000,0.000000,0.000000,-1.000000,-1.000000,1.000000,-1.000000,1.000000,1.000000,-1.000000,1.000000,0.000000,0.000000,-1.000000
0.917670,0.181980,0.860900,0.355430,0.728730,0.457470,0.604250,0.698650,0.503760,0.749220,0.361000,0.817950,0.156640,0.835580,0.003960,0.852100,-0.163900,0.778530,-0.359960,0.761930,-0.430870,0.653850,-0.531400,0.538860,-0.603280,0.409720,-0.645110,0.273380,-0.657100,0.136670,-0.640560,0.053940,1.000000
0.744680,0.106380,0.887060,0.009820,0.885420,0.014710,0.872340,-0.014180,0.730500,0.106380,0.876570,0.029120,0.872350,0.033820,0.957450,0.078010,0.950350,0.042550,0.855970,0.047430,0.849310,0.051780,0.872340,0.113480,0.834290,0.060140,0.744680,-0.035460,0.817100,0.068000,0.807740,0.071730,1.000000
1.000000,0.066550,1.000000,-0.183880,1.000000,-0.273200,1.000000,-0.431070,1.000000,-0.413490,0.962320,-0.518740,0.907110,-0.590170,0.892300,-0.664740,0.698760,-0.709970,0.706450,-0.763200,0.630810,-0.805440,0.558670,-0.891280,0.472110,-0.865000,0.403030,-0.836750,0.309960,-0.890930,0.229950,-0.891580,1.000000
0.974670,0.130820,0.941200,0.200360,0.887830,0.322480,0.890090,0.327110,0.855500,0.452170,0.722980,0.522840,0.699460,0.588200,0.585480,0.668930,0.488690,0.703980,0.442450,0.681590,0.352890,0.756220,0.268320,0.762100,0.168130,0.785410,0.074970,0.804390,-0.029620,0.777020,-0.102890,0.742420,1.000000
1.000000,1.000000,0.000000,0.000000,0.000000,0.000000,-1.000000,-1.000000,0.000000,0.000000,0.000000,0.000000,-1.000000,-1.000000,-1.000000,-1.000000,-1.000000,1.000000,-1.000000,1.000000,0.000000,0.000000,0.000000,0.000000,1.000000,-1.000000,-1.000000,1.000000,-1.000000,1.000000,-1.000000,1.000000,-1.000000
0.495150,0.097090,0.296120,0.058250,0.349510,0.000000,0.572820,-0.024270,0.582520,0.024270,0.334950,0.048540,0.524270,0.004850,0.470870,-0.106800,0.432040,0.004850,0.349510,0.058250,0.189320,0.257280,0.310680,-0.150490,0.365470,0.038150,0.393200,0.174760,0.262140,0.000000,0.373790,-0.019420,1.000000
0.760460,0.010920,0.863350,0.002580,0.858210,0.003840,0.799880,0.023040,0.815040,0.120680,0.830960,0.007440,0.818150,0.008540,0.827770,-0.069740,0.765310,0.038810,0.769790,0.011480,0.750710,0.012320,0.771380,-0.003030,0.708860,0.013750,0.661610,0.008490,0.662980,0.014840,0.638870,0.015250,1.000000
0.627450,-0.078430,0.725490,0.000000,0.607840,-0.078430,0.627450,-0.117650,0.686270,-0.117650,0.666670,-0.137250,0.647060,-0.098040,0.549020,-0.117650,0.549020,-0.215690,0.588240,-0.196080,0.666670,-0.235290,0.450980,-0.254900,0.524090,-0.246680,0.568630,-0.313730,0.431370,-0.215690,0.470590,-0.274510,-1.000000
0.038520,0.025680,0.004280,0.000000,0.019970,-0.019970,0.021400,-0.049930,-0.048500,-0.012840,0.014270,-0.022820,0.000000,-0.032810,-0.047080,-0.028530,-0.017120,0.035660,0.021400,0.004280,0.051360,-0.022820,0.051360,0.018540,0.039940,0.015690,0.019970,0.007130,-0.025680,-0.018540,-0.014270,0.019970,-1.000000
0.913530,0.815860,-0.729730,1.000000,-0.394660,0.557350,0.054050,0.297300,-0.185990,-0.102410,-0.031580,-0.089700,0.014010,-0.034030,0.011080,-0.005370,0.003420,0.000970,0.000480,0.000750,-0.000030,0.000190,-0.000030,0.000020,-0.000010,0.000000,0.000000,0.000000,0.000000,0.000000,0.000000,0.000000,-1.000000
1.000000,0.280460,1.000000,0.024770,1.000000,0.077640,1.000000,0.043170,0.987620,0.332660,1.000000,0.054890,1.000000,0.043840,0.957500,-0.245980,0.843710,-0.086680,1.000000,0.041500,0.999330,0.273760,1.000000,-0.390560,0.964140,-0.021740,0.867470,0.233600,0.945780,-0.220210,0.803550,-0.073290,1.000000
0.847130,-0.033970,0.864120,-0.084930,0.819530,0.000000,0.736730,-0.076430,0.719750,-0.135880,0.749470,-0.116770,0.774950,-0.186840,0.781320,-0.212310,0.619960,-0.101910,0.791930,-0.157110,0.893840,-0.033970,0.849260,-0.261150,0.741150,-0.233120,0.662420,-0.222930,0.726110,-0.377920,0.658170,-0.248410,1.000000
-1.000000,-1.000000,0.000000,0.000000,0.508140,-0.785020,0.605860,0.328990,-1.000000,-0.413680,0.000000,0.000000,0.000000,0.000000,1.000000,-0.267100,0.364820,-0.635180,0.970680,-1.000000,-1.000000,-1.000000,1.000000,-0.596090,-1.000000,-1.000000,-1.000000,-1.000000,1.000000,-1.000000,0.000000,0.000000,-1.000000
0.000000,0.000000,-1.000000,-1.000000,1.000000,1.000000,-1.000000,1.000000,-1.000000,1.000000,1.000000,-1.000000,1.000000,1.000000,-1.000000,-1.000000,-1.000000,1.000000,1.000000,-1.000000,-1.000000,1.000000,-1.000000,1.000000,1.000000,-1.000000,-1.000000,1.000000,-1.000000,-1.000000,1.000000,-1.000000,-1.000000
1.000000,0.677840,0.813090,0.820210,0.430190,1.000000,0.206190,0.805410,-0.438720,1.000000,-0.791350,0.770920,-1.000000,0.402680,-0.390460,-0.586340,-0.979070,-0.428220,-0.730830,-0.763390,-0.376710,-0.974910,0.413660,-1.000000,0.417780,-0.932960,0.257730,-1.000000,0.935700,-0.352220,0.988160,0.034460,1.000000
0.862840,0.193100,0.809200,0.411490,0.672030,0.557850,0.545590,0.699620,0.367050,0.815330,0.196170,0.856710,-0.040610,0.862840,-0.172410,0.757850,-0.341000,0.657470,-0.481990,0.560920,-0.602300,0.409960,-0.592340,0.257470,-0.630380,0.088180,-0.572410,-0.078160,-0.548660,-0.199230,-0.429120,-0.319540,1.000000
0.724140,-0.010840,0.797040,0.010840,0.800000,0.001970,0.790150,0.010840,0.784240,-0.009850,0.833500,0.032510,0.851230,0.016750,0.800990,-0.007880,0.791130,-0.029560,0.759610,0.033500,0.747780,0.055170,0.726110,-0.014780,0.780410,0.006120,0.740890,-0.050250,0.829560,0.029560,0.790150,0.007880,1.000000
0.943310,0.199590,0.961320,0.408030,0.805140,0.565690,0.566870,0.708300,0.418360,0.832300,0.149390,0.894890,0.051670,0.936820,-0.247420,0.839390,-0.428110,0.755540,-0.502510,0.625630,-0.655150,0.504280,-0.688510,0.309120,-0.770970,0.156190,-0.754060,-0.043990,-0.751990,-0.179210,-0.669320,-0.343670,1.000000
1.000000,0.549020,0.627450,1.000000,0.019610,1.000000,-0.490200,0.921570,-0.823530,0.588240,-1.000000,0.117650,-0.960780,-0.333330,-0.647060,-0.686270,-0.235290,-0.862750,0.352940,-1.000000,0.745100,-0.725490,0.921570,-0.215690,0.928740,0.218760,0.725490,0.568630,0.235290,0.901960,-0.117650,0.901960,1.000000
0.747900,0.008400,0.833120,0.016590,0.826380,0.024690,0.865550,0.016810,0.605040,0.058820,0.790930,0.047310,0.774410,0.054070,0.647060,0.193280,0.840340,0.042020,0.712850,0.071220,0.688950,0.075770,0.663870,0.084030,0.637280,0.082960,0.613450,0.016810,0.581870,0.087570,0.553300,0.088910,1.000000
0.931470,0.292820,0.799170,0.557560,0.599520,0.715960,0.262030,0.926510,0.046360,0.967480,-0.232370,0.951300,-0.559260,0.810180,-0.733290,0.623850,-0.909950,0.362000,-0.922540,0.060400,-0.936180,-0.198380,-0.831920,-0.469060,-0.651650,-0.695560,-0.412230,-0.857250,-0.135900,-0.939530,0.100070,-0.948230,1.000000
0.253160,0.359490,0.000000,0.000000,-0.296200,-1.000000,0.000000,0.000000,0.075950,-0.073420,0.000000,0.000000,0.000000,0.000000,0.000000,0.000000,0.000000,0.000000,0.007590,0.681010,-0.200000,0.336710,-0.103800,0.356960,0.055700,-1.000000,0.000000,0.000000,0.063290,-1.000000,0.000000,0.000000,-1.000000
0.852090,0.392520,0.388870,0.764320,0.088580,0.989030,-0.426250,0.887440,-0.762290,0.499800,-0.930920,0.107680,-0.859000,-0.310440,-0.660300,-0.552620,-0.192600,-0.860630,0.284440,-0.804960,0.646490,-0.352300,0.778140,-0.233240,0.716980,0.213430,0.378300,0.583100,0.196670,0.663150,-0.112150,0.649330,1.000000
0.600000,0.033330,0.633330,0.066670,0.700000,0.066670,0.700000,0.000000,0.633330,0.000000,0.800000,0.000000,0.733330,0.000000,0.700000,0.100000,0.666670,0.100000,0.733330,-0.033330,0.766670,0.000000,0.633330,0.133330,0.659320,0.101680,0.600000,0.133330,0.600000,0.166670,0.633330,0.166670,1.000000
1.000000,-1.000000,0.000000,0.000000,0.000000,0.000000,1.000000,1.000000,1.000000,-1.000000,-0.718750,1.000000,0.000000,0.000000,-1.000000,1.000000,1.000000,1.000000,-1.000000,1.000000,1.000000,0.562500,-1.000000,1.000000,1.000000,1.000000,1.000000,-1.000000,1.000000,1.000000,1.000000,1.000000,-1.000000
0.806270,0.130690,0.730610,0.243230,0.646150,0.190380,0.369230,0.455770,0.447930,0.464390,0.250000,0.573080,0.251920,0.371150,0.152150,0.518770,-0.098080,0.575000,-0.034620,0.428850,-0.088560,0.444240,-0.149430,0.400060,-0.199400,0.349760,-0.238320,0.295410,-0.266340,0.238960,-0.238460,0.311540,1.000000
0.979050,0.158100,0.901120,0.352370,0.820390,0.485610,0.717600,0.648880,0.588270,0.737430,0.403490,0.831560,0.251400,0.848040,0.047000,0.854750,-0.121930,0.797490,-0.261800,0.807540,-0.378350,0.716760,-0.510340,0.583240,-0.575870,0.460400,-0.618990,0.307960,-0.657540,0.183450,-0.641340,0.029680,1.000000
0.479380,-0.123710,0.427840,-0.123710,0.701030,-0.391750,0.731960,0.072160,0.262890,-0.216490,0.494850,0.159790,0.453610,-0.118560,0.422680,0.061860,0.500000,-0.273200,0.546390,0.185570,0.422680,0.082470,0.706190,0.195880,0.533960,-0.124470,0.154640,-0.262890,0.474230,0.041240,0.453610,-0.515460,1.000000
1.000000,-0.147540,1.000000,0.049180,0.573770,-0.016390,0.655740,0.016390,0.852460,-0.032790,0.721310,0.000000,0.688520,-0.163930,0.196720,-0.147540,0.655580,-0.171760,0.672130,0.032790,1.000000,-0.295080,0.311480,-0.344260,0.523850,-0.203250,0.327870,-0.032790,0.278690,-0.442620,0.491800,-0.065570,-1.000000
0.392860,0.523810,-0.788240,0.113420,-0.166280,-0.763780,0.666670,0.011900,0.821430,0.404760,-0.672300,0.307290,-0.347970,-0.636680,0.464290,0.154760,0.547620,0.059520,-0.518300,0.449610,-0.476510,-0.475940,0.321430,0.702380,0.519710,0.388480,0.571430,0.392860,-0.548910,-0.299150,0.254410,-0.558370,-1.000000
0.000000,0.000000,0.000000,0.000000,1.000000,-1.000000,0.000000,0.000000,-1.000000,-1.000000,0.000000,0.000000,0.000000,0.000000,1.000000,1.000000,-1.000000,-1.000000,0.000000,0.000000,0.000000,0.000000,1.000000,1.000000,1.000000,1.000000,0.000000,0.000000,1.000000,1.000000,0.000000,0.000000,-1.000000
0.310340,-0.103450,0.241380,-0.103450,0.206900,-0.068970,0.074050,-0.054310,0.036490,-0.036890,0.017070,-0.023830,0.007410,-0.014820,0.002810,-0.008930,0.000780,-0.005230,-0.000030,-0.002990,-0.000280,-0.001660,-0.000310,-0.000900,-0.000250,-0.000480,-0.000180,-0.000240,-0.000120,-0.000120,-0.000080,-0.000060,1.000000
1.000000,0.454550,1.000000,0.545450,0.818180,0.636360,1.000000,-0.090910,1.000000,0.000000,0.818180,-0.454550,0.636360,0.272730,1.000000,-0.636360,1.000000,-0.272730,0.909090,-0.454550,1.000000,0.077500,1.000000,-0.090910,1.000000,0.088670,1.000000,0.363640,1.000000,0.636360,0.727270,0.272730,1.000000
0.328340,0.025200,0.152360,0.212780,0.149190,0.740030,-0.257060,0.923240,-0.103120,0.193800,-0.613520,0.257860,-0.940530,-0.054090,-0.131170,-0.143290,-0.303150,-0.446150,-0.114090,-0.855970,0.026680,-0.227860,0.279420,-0.062950,0.337370,-0.118760,0.276570,-0.114090,0.150780,0.132960,0.121970,0.204680,1.000000
0.928700,0.331640,0.761680,0.623490,0.493050,0.842660,0.215920,0.951930,-0.139560,0.961670,-0.472020,0.835900,-0.707470,0.654900,-0.874740,0.367500,-0.918140,0.055950,-0.898240,-0.261730,-0.739690,-0.540690,-0.507570,-0.747350,-0.223230,-0.861220,0.078100,-0.871590,0.360210,-0.780570,0.594070,-0.602700,1.000000
1.000000,-0.010810,1.000000,-0.027030,1.000000,-0.064860,0.951350,-0.016220,0.989190,-0.032430,0.989190,0.086490,1.000000,-0.064860,0.951350,0.091890,0.978380,-0.005410,1.000000,0.064860,1.000000,0.043240,0.978380,0.091890,0.985560,0.012510,1.000000,-0.032430,1.000000,0.027030,1.000000,-0.070270,1.000000
1.000000,-0.867010,1.000000,0.222800,0.854920,-0.398960,1.000000,-0.120900,1.000000,0.351470,1.000000,0.077720,1.000000,-0.147670,1.000000,-1.000000,1.000000,-1.000000,0.618310,0.158030,1.000000,0.623490,1.000000,-0.170120,1.000000,0.359240,1.000000,-0.664940,1.000000,0.884280,1.000000,-0.188260,-1.000000
0.916670,0.291670,0.833330,-0.166670,0.708330,0.250000,0.875000,-0.083330,0.916670,0.041670,0.833330,0.125000,0.708330,0.000000,0.875000,0.041670,1.000000,0.083330,0.666670,-0.083330,0.750000,0.166670,0.833330,-0.125000,0.837960,0.055030,1.000000,0.208330,0.708330,0.000000,0.708330,0.041670,1.000000
0.894100,0.134250,0.870010,0.315430,0.788960,0.433880,0.633880,0.599750,0.540030,0.710160,0.396990,0.761610,0.242660,0.795230,0.091340,0.795980,-0.091590,0.762610,-0.202010,0.669260,-0.302630,0.626100,-0.405520,0.504890,-0.462150,0.407530,-0.503140,0.272520,-0.528230,0.191720,-0.488080,0.059720,1.000000
-1.000000,-1.000000,-0.506940,1.000000,1.000000,-1.000000,1.000000,0.538190,0.000000,0.000000,0.239580,-1.000000,1.000000,1.000000,0.000000,0.000000,1.000000,1.000000,1.000000,1.000000,0.000000,0.000000,-0.715280,1.000000,0.333330,-1.000000,1.000000,-1.000000,0.697920,-1.000000,0.475690,1.000000,-1.000000
0.870480,0.380270,0.640990,0.692120,0.313470,0.866250,-0.039330,0.907400,-0.421730,0.793460,-0.705610,0.515600,-0.810490,0.227350,-0.811360,-0.125390,-0.674740,-0.381020,-0.383340,-0.628610,-0.130130,-0.707620,0.155520,-0.664210,0.385440,-0.515680,0.525730,-0.298970,0.562390,-0.059380,0.514600,0.166450,1.000000
0.606780,-0.027120,0.671190,0.040680,0.528810,-0.044070,0.505080,0.037290,0.705080,-0.077970,0.579660,-0.020340,0.532200,0.077970,0.640680,0.118640,0.569490,-0.023730,0.532200,0.006780,0.715250,-0.033900,0.528810,-0.033900,0.572620,0.007500,0.586440,-0.003390,0.589830,-0.027120,0.501690,0.067800,1.000000
0.912410,0.043470,0.941910,0.022800,0.947050,0.053450,0.935820,0.013210,0.919110,0.063480,0.927660,0.120670,0.920480,0.062110,0.888990,0.127220,0.837440,0.144390,0.809830,0.118490,0.770410,0.142220,0.757550,0.112990,0.735500,0.132820,0.663870,0.153000,0.709250,0.107540,0.652580,0.114470,1.000000
1.000000,0.051490,0.993630,0.101230,0.961420,0.147560,0.955130,-0.264960,0.660260,0.547010,0.804260,0.252830,0.737810,0.273800,0.667750,0.287140,0.596150,0.293040,0.524940,0.292000,0.455820,0.284760,0.390230,0.272260,0.329300,0.255530,0.273810,0.235680,0.224270,0.213780,0.180860,0.190830,1.000000
-1.000000,-1.000000,0.000000,0.000000,-1.000000,1.000000,1.000000,-0.375000,0.000000,0.000000,0.000000,0.000000,0.000000,0.000000,1.000000,-1.000000,-1.000000,-1.000000,1.000000,-1.000000,0.000000,0.000000,1.000000,-1.000000,-1.000000,1.000000,-1.000000,-1.000000,0.000000,0.000000,-1.000000,1.000000,-1.000000
1.000000,-1.000000,1.000000,1.000000,1.000000,1.000000,1.000000,1.000000,1.000000,1.000000,1.000000,-1.000000,1.000000,1.000000,1.000000,1.000000,1.000000,-1.000000,1.000000,-1.000000,1.000000,-1.000000,1.000000,-1.000000,1.000000,1.000000,1.000000,-1.000000,1.000000,1.000000,1.000000,1.000000,-1.000000
0.681480,0.103700,0.770370,0.034570,0.651850,0.081480,0.609880,-0.004940,0.790120,0.118520,0.597530,0.049380,0.624690,0.096300,0.782720,-0.175310,0.738270,-0.108640,0.486420,0.009880,0.609880,0.081480,0.666670,-0.128400,0.637730,-0.024510,0.765430,0.022220,0.612350,-0.071600,0.513580,-0.046910,1.000000
1.000000,-0.572240,0.991500,-0.733710,0.895180,-0.974500,1.000000,-0.358180,1.000000,-0.232290,0.628900,-0.864020,1.000000,-0.575350,1.000000,-0.796030,0.767710,-0.889520,0.966010,-1.000000,0.701200,-0.748960,0.619460,-0.769040,0.537770,-0.779860,0.810200,-1.000000,1.000000,-1.000000,0.304450,-0.761120,1.000000
0.923080,0.154510,0.863990,0.297570,0.725820,0.367900,0.705880,0.568300,0.574490,0.627190,0.432700,0.746760,0.317050,0.676970,0.191280,0.768180,0.046860,0.761710,-0.120640,0.769690,-0.184790,0.713270,-0.292910,0.657080,-0.387980,0.585530,-0.467990,0.501310,-0.531460,0.407320,-0.562310,0.350950,1.000000
0.834790,0.289930,0.692560,0.477020,0.492340,0.683810,0.219910,0.867610,-0.080960,0.850110,-0.355580,0.776810,-0.527350,0.584250,-0.703500,0.312910,-0.758210,0.039390,-0.712250,-0.153170,-0.583150,-0.391680,-0.371990,-0.529540,-0.169500,-0.608630,0.084250,-0.614880,0.251640,-0.484680,0.405910,-0.353390,1.000000
0.501120,-0.035960,0.611240,0.013480,0.588760,0.015730,0.588760,0.024720,0.667420,-0.004490,0.716850,-0.047190,0.665170,0.008990,0.573030,0.024720,0.647190,-0.074160,0.568540,0.141570,0.575280,-0.035960,0.465170,0.049440,0.565880,0.008240,0.476400,-0.035960,0.546070,0.105620,0.606740,-0.080900,1.000000
0.615380,0.189230,0.781570,0.017800,0.774860,0.026470,0.650770,-0.103080,0.775380,0.080000,0.739610,0.050600,0.723220,0.057760,0.686150,-0.089230,0.616920,0.163080,0.662330,0.075730,0.638780,0.080410,0.601540,-0.072310,0.588030,0.087670,0.550770,0.256920,0.533890,0.092070,0.506090,0.093220,1.000000
0.957040,-0.120950,0.633180,-0.126900,0.963650,-0.182420,0.970260,0.084600,0.920030,-0.011240,0.835430,-0.247190,1.000000,-0.313950,0.992730,-0.212160,0.986780,-0.210180,1.000000,-0.271650,0.931260,-0.394580,1.000000,-0.192330,0.887930,-0.315650,0.814280,-0.237280,0.890950,-0.318570,0.695310,-0.415730,1.000000
0.963550,-0.071980,1.000000,-0.143330,1.000000,-0.213130,1.000000,-0.361740,0.925700,-0.435690,0.945100,-0.406680,0.903920,-0.463810,0.983050,-0.352570,0.845370,-0.660200,0.753460,-0.605890,0.696370,-0.642250,0.851060,-0.654400,0.575770,-0.697120,0.254350,-0.639190,0.451140,-0.727790,0.388950,-0.734200,1.000000
0.882410,0.306340,0.732320,0.578160,0.341090,0.585270,0.057170,1.000000,-0.092380,0.921180,-0.624030,0.719960,-0.697670,0.325580,-0.814220,0.411950,-1.000000,-0.007750,-0.789730,-0.410850,-0.769010,-0.454780,-0.572420,-0.676050,-0.316100,-0.818760,-0.029790,-0.868410,0.253920,-0.821270,0.001940,-0.816860,1.000000
1.000000,1.000000,1.000000,0.512500,0.625000,-1.000000,1.000000,1.000000,0.025000,0.031250,1.000000,1.000000,0.000000,0.000000,1.000000,-1.000000,1.000000,1.000000,1.000000,1.000000,0.312500,1.000000,1.000000,1.000000,1.000000,1.000000,1.000000,1.000000,-0.943750,1.000000,0.000000,0.000000,-1.000000
1.000000,0.035290,1.000000,0.182810,1.000000,0.269680,1.000000,0.250680,1.000000,0.287780,1.000000,0.386430,1.000000,0.316740,1.000000,0.657010,1.000000,0.538460,1.000000,0.612670,1.000000,0.594570,0.895930,0.683260,0.895020,0.713740,0.856110,0.671490,0.743890,0.856110,0.714930,0.758370,1.000000
0.960870,0.086200,0.967600,0.192790,0.960260,0.274510,0.980440,0.350520,0.928670,0.462810,0.862650,0.525170,0.828200,0.587940,0.732420,0.690650,0.690030,0.731400,0.544730,0.688200,0.483390,0.761970,0.406150,0.746890,0.334010,0.837960,0.249440,0.860610,0.137560,0.868350,0.090480,0.862850,1.000000
1.000000,0.080130,0.967750,-0.004820,0.966830,-0.007220,0.879800,-0.039230,1.000000,0.014190,0.961860,-0.014360,0.959470,-0.016710,0.984970,0.010020,0.911520,-0.088480,0.950160,-0.023640,0.946360,-0.025910,0.981640,0.020030,0.937720,-0.030340,1.000000,-0.058430,0.927740,-0.034640,0.922260,-0.036730,1.000000
1.000000,-0.006120,1.000000,-0.098340,1.000000,-0.076490,1.000000,-0.106050,1.000000,-0.110730,1.000000,-0.394890,1.000000,-0.156160,0.921240,-0.318840,0.864730,-0.345340,0.916930,-0.440720,0.960600,-0.468660,0.818740,-0.403720,0.826810,-0.422310,0.757840,-0.382310,0.804480,-0.405750,0.743540,-0.450390,1.000000
0.836090,0.132150,0.721710,0.060590,0.658290,0.083150,0.238880,0.129610,0.438370,0.203300,0.494180,0.126860,0.447470,0.135070,0.293520,0.029220,0.481580,0.157560,0.328350,0.146160,0.294950,0.146380,0.264360,0.145300,0.236410,0.143140,0.264290,0.161370,0.187670,0.136320,0.166550,0.131980,1.000000
1.000000,1.000000,1.000000,1.000000,0.910100,1.000000,-0.269700,1.000000,-0.831520,1.000000,-1.000000,1.000000,-1.000000,0.725260,-1.000000,-0.577790,-1.000000,-0.420520,-1.000000,-1.000000,-0.528380,-1.000000,0.900140,-1.000000,1.000000,-1.000000,1.000000,-1.000000,1.000000,-0.346860,1.000000,0.348450,1.000000
-1.000000,-1.000000,1.000000,-1.000000,-1.000000,1.000000,0.000000,0.000000,1.000000,-1.000000,1.000000,-1.000000,0.000000,0.000000,0.000000,0.000000,0.000000,0.000000,-1.000000,1.000000,1.000000,-1.000000,-1.000000,1.000000,1.000000,1.000000,0.000000,0.000000,1.000000,0.500000,0.000000,0.000000,-1.000000
0.903740,-0.016040,1.000000,0.080210,1.000000,0.016040,0.930480,0.005350,0.935830,-0.016040,1.000000,0.000000,1.000000,0.064170,1.000000,0.048130,0.914440,0.042780,0.967910,0.021390,0.989300,-0.016040,0.962570,0.053480,0.969740,0.044520,0.877010,0.010700,1.000000,0.090910,0.978610,0.064170,1.000000
